Datetime,Price
2025-04-09 13:30:00+00:00,4960.57
2025-04-09 13:31:00+00:00,4972.98
2025-04-09 13:32:00+00:00,4983.48
2025-04-09 13:33:00+00:00,4983.64
2025-04-09 13:34:00+00:00,4969.33
2025-04-09 13:35:00+00:00,4976.31
2025-04-09 13:36:00+00:00,4971.02
2025-04-09 13:37:00+00:00,4962.65
2025-04-09 13:38:00+00:00,4993.4
2025-04-09 13:39:00+00:00,5010.44
2025-04-09 13:40:00+00:00,5019.46
2025-04-09 13:41:00+00:00,5030.92
2025-04-09 13:42:00+00:00,5021.28
2025-04-09 13:43:00+00:00,5013.57
2025-04-09 13:44:00+00:00,4992.12
2025-04-09 13:45:00+00:00,4987.35
2025-04-09 13:46:00+00:00,4988.32
2025-04-09 13:47:00+00:00,4983.4
2025-04-09 13:48:00+00:00,4990.45
2025-04-09 13:49:00+00:00,5002.57
2025-04-09 13:50:00+00:00,5003.03
2025-04-09 13:51:00+00:00,5014.18
2025-04-09 13:52:00+00:00,5016.15
2025-04-09 13:53:00+00:00,5025.2
2025-04-09 13:54:00+00:00,5020.07
2025-04-09 13:55:00+00:00,5019.58
2025-04-09 13:56:00+00:00,5028.99
2025-04-09 13:57:00+00:00,5022.02
2025-04-09 13:58:00+00:00,5022.9
2025-04-09 13:59:00+00:00,5017.07
2025-04-09 14:00:00+00:00,5039.8
2025-04-09 14:01:00+00:00,5045.79
2025-04-09 14:02:00+00:00,5042.3
2025-04-09 14:03:00+00:00,5038.7
2025-04-09 14:04:00+00:00,5036.37
2025-04-09 14:05:00+00:00,5021.05
2025-04-09 14:06:00+00:00,5007.88
2025-04-09 14:07:00+00:00,5000.43
2025-04-09 14:08:00+00:00,5007.68
2025-04-09 14:09:00+00:00,5003.02
2025-04-09 14:10:00+00:00,5013.83
2025-04-09 14:11:00+00:00,5017.21
2025-04-09 14:12:00+00:00,5008.56
2025-04-09 14:13:00+00:00,4999.38
2025-04-09 14:14:00+00:00,4990.05
2025-04-09 14:15:00+00:00,4994.99
2025-04-09 14:16:00+00:00,4999.19
2025-04-09 14:17:00+00:00,5006.34
2025-04-09 14:18:00+00:00,5003.78
2025-04-09 14:19:00+00:00,5006.76
2025-04-09 14:20:00+00:00,5005.13
2025-04-09 14:21:00+00:00,4997.97
2025-04-09 14:22:00+00:00,4994.64
2025-04-09 14:23:00+00:00,5011.96
2025-04-09 14:24:00+00:00,5007.92
2025-04-09 14:25:00+00:00,5004.04
2025-04-09 14:26:00+00:00,5001.64
2025-04-09 14:27:00+00:00,4996.34
2025-04-09 14:28:00+00:00,4997.47
2025-04-09 14:29:00+00:00,5007.88
2025-04-09 14:30:00+00:00,5009.66
2025-04-09 14:31:00+00:00,5019.83
2025-04-09 14:32:00+00:00,5023.18
2025-04-09 14:34:00+00:00,5027.78
2025-04-09 14:35:00+00:00,5027.39
2025-04-09 14:36:00+00:00,5020.87
2025-04-09 14:37:00+00:00,5014.54
2025-04-09 14:38:00+00:00,5008.61
2025-04-09 14:39:00+00:00,5006.25
2025-04-09 14:40:00+00:00,5003.14
2025-04-09 14:41:00+00:00,5001.02
2025-04-09 14:42:00+00:00,5005.59
2025-04-09 14:43:00+00:00,5001.63
2025-04-09 14:44:00+00:00,4995.03
2025-04-09 14:45:00+00:00,4999.26
2025-04-09 14:46:00+00:00,5007.46
2025-04-09 14:47:00+00:00,5007.4
2025-04-09 14:48:00+00:00,4995.76
2025-04-09 14:49:00+00:00,4986.7
2025-04-09 14:50:00+00:00,4980.72
2025-04-09 14:51:00+00:00,4972.86
2025-04-09 14:52:00+00:00,4959.75
2025-04-09 14:53:00+00:00,4961.96
2025-04-09 14:54:00+00:00,4964.28
2025-04-09 14:55:00+00:00,4967.45
2025-04-09 14:56:00+00:00,4955.58
2025-04-09 14:57:00+00:00,4963.45
2025-04-09 14:58:00+00:00,4957.87
2025-04-09 14:59:00+00:00,4949.85
2025-04-09 15:00:00+00:00,4957.34
2025-04-09 15:01:00+00:00,4960.1
2025-04-09 15:02:00+00:00,4954.48
2025-04-09 15:03:00+00:00,4961.01
2025-04-09 15:04:00+00:00,4972.97
2025-04-09 15:05:00+00:00,4979.2
2025-04-09 15:06:00+00:00,4988.91
2025-04-09 15:09:00+00:00,4985.38
2025-04-09 15:10:00+00:00,4986.88
2025-04-09 15:11:00+00:00,4989.31
2025-04-09 15:12:00+00:00,4986.02
2025-04-09 15:13:00+00:00,4980.68
2025-04-09 15:14:00+00:00,4983.24
2025-04-09 15:15:00+00:00,5001.39
2025-04-09 15:16:00+00:00,4999.67
2025-04-09 15:17:00+00:00,5002.01
2025-04-09 15:18:00+00:00,4999.11
2025-04-09 15:19:00+00:00,5001.35
2025-04-09 15:20:00+00:00,5005.33
2025-04-09 15:21:00+00:00,5008.23
2025-04-09 15:22:00+00:00,5003.85
2025-04-09 15:23:00+00:00,5005.13
2025-04-09 15:24:00+00:00,5011.24
2025-04-09 15:25:00+00:00,5007.34
2025-04-09 15:26:00+00:00,5005.85
2025-04-09 15:27:00+00:00,5009.54
2025-04-09 15:28:00+00:00,5002.56
2025-04-09 15:29:00+00:00,5000.12
2025-04-09 15:30:00+00:00,5008.05
2025-04-09 15:31:00+00:00,5005.9
2025-04-09 15:32:00+00:00,4998.46
2025-04-09 15:33:00+00:00,4990.28
2025-04-09 15:34:00+00:00,4990.96
2025-04-09 15:35:00+00:00,4982.42
2025-04-09 15:36:00+00:00,4989.75
2025-04-09 15:37:00+00:00,4991.62
2025-04-09 15:38:00+00:00,4988.33
2025-04-09 15:39:00+00:00,4979.45
2025-04-09 15:40:00+00:00,4979.76
2025-04-09 15:41:00+00:00,4971.59
2025-04-09 15:42:00+00:00,4972.05
2025-04-09 15:43:00+00:00,4972.68
2025-04-09 15:44:00+00:00,4969.89
2025-04-09 15:45:00+00:00,4977.86
2025-04-09 15:46:00+00:00,4978.5
2025-04-09 15:47:00+00:00,4995.36
2025-04-09 15:48:00+00:00,5002.91
2025-04-09 15:49:00+00:00,4994.63
2025-04-09 15:50:00+00:00,4998.74
2025-04-09 15:51:00+00:00,4994.9
2025-04-09 15:52:00+00:00,4995.57
2025-04-09 15:53:00+00:00,4990.98
2025-04-09 15:54:00+00:00,4986.75
2025-04-09 15:55:00+00:00,4980.66
2025-04-09 15:56:00+00:00,4976.62
2025-04-09 15:57:00+00:00,4974.19
2025-04-09 15:58:00+00:00,4972.92
2025-04-09 15:59:00+00:00,4977.64
2025-04-09 16:00:00+00:00,4971.2
2025-04-09 16:01:00+00:00,4968.13
2025-04-09 16:02:00+00:00,4976.08
2025-04-09 16:03:00+00:00,4978.16
2025-04-09 16:04:00+00:00,4975.07
2025-04-09 16:05:00+00:00,4982.51
2025-04-09 16:06:00+00:00,4980.95
2025-04-09 16:07:00+00:00,4985.56
2025-04-09 16:08:00+00:00,4987.66
2025-04-09 16:09:00+00:00,4992.39
2025-04-09 16:10:00+00:00,4998.26
2025-04-09 16:11:00+00:00,4999.86
2025-04-09 16:12:00+00:00,5003.33
2025-04-09 16:13:00+00:00,5011.85
2025-04-09 16:14:00+00:00,5016.64
2025-04-09 16:15:00+00:00,5016.95
2025-04-09 16:16:00+00:00,5017.83
2025-04-09 16:17:00+00:00,5016.79
2025-04-09 16:18:00+00:00,5014.98
2025-04-09 16:19:00+00:00,5016.96
2025-04-09 16:20:00+00:00,5014.5
2025-04-09 16:21:00+00:00,5013.33
2025-04-09 16:22:00+00:00,5016.99
2025-04-09 16:23:00+00:00,5013.63
2025-04-09 16:24:00+00:00,5011.14
2025-04-09 16:25:00+00:00,5014.01
2025-04-09 16:26:00+00:00,5018.31
2025-04-09 16:27:00+00:00,5020.04
2025-04-09 16:28:00+00:00,5012.77
2025-04-09 16:29:00+00:00,5009.69
2025-04-09 16:30:00+00:00,5010.59
2025-04-09 16:31:00+00:00,5011.13
2025-04-09 16:32:00+00:00,5013.28
2025-04-09 16:33:00+00:00,5014.93
2025-04-09 16:34:00+00:00,5017.01
2025-04-09 16:35:00+00:00,5023.33
2025-04-09 16:36:00+00:00,5016.57
2025-04-09 16:37:00+00:00,5014.64
2025-04-09 16:38:00+00:00,5015.4
2025-04-09 16:39:00+00:00,5019.47
2025-04-09 16:40:00+00:00,5012.18
2025-04-09 16:41:00+00:00,5016.37
2025-04-09 16:42:00+00:00,5013.26
2025-04-09 16:43:00+00:00,5013.62
2025-04-09 16:44:00+00:00,5015.53
2025-04-09 16:45:00+00:00,5011.98
2025-04-09 16:46:00+00:00,5016.95
2025-04-09 16:47:00+00:00,5016.03
2025-04-09 16:48:00+00:00,5019.37
2025-04-09 16:49:00+00:00,5024.77
2025-04-09 16:50:00+00:00,5033.09
2025-04-09 16:51:00+00:00,5027.12
2025-04-09 16:52:00+00:00,5022.59
2025-04-09 16:53:00+00:00,5026.06
2025-04-09 16:54:00+00:00,5032.23
2025-04-09 16:55:00+00:00,5033.93
2025-04-09 16:56:00+00:00,5038.73
2025-04-09 16:57:00+00:00,5041.45
2025-04-09 16:58:00+00:00,5034.24
2025-04-09 16:59:00+00:00,5030.05
2025-04-09 17:00:00+00:00,5034.41
2025-04-09 17:01:00+00:00,5035.15
2025-04-09 17:02:00+00:00,5065.03
2025-04-09 17:03:00+00:00,5059.47
2025-04-09 17:04:00+00:00,5071.89
2025-04-09 17:05:00+00:00,5066.62
2025-04-09 17:06:00+00:00,5053.25
2025-04-09 17:07:00+00:00,5048.54
2025-04-09 17:08:00+00:00,5039.21
2025-04-09 17:09:00+00:00,5037.47
2025-04-09 17:10:00+00:00,5029.91
2025-04-09 17:11:00+00:00,5030.23
2025-04-09 17:12:00+00:00,5036.38
2025-04-09 17:13:00+00:00,5036.17
2025-04-09 17:14:00+00:00,5040.29
2025-04-09 17:15:00+00:00,5040.84
2025-04-09 17:16:00+00:00,5052.3
2025-04-09 17:17:00+00:00,5049.59
2025-04-09 17:18:00+00:00,5011.19
2025-04-09 17:19:00+00:00,5141.74
2025-04-09 17:20:00+00:00,5183.61
2025-04-09 17:21:00+00:00,5192.28
2025-04-09 17:22:00+00:00,5213.83
2025-04-09 17:23:00+00:00,5248.92
2025-04-09 17:24:00+00:00,5256.9
2025-04-09 17:25:00+00:00,5292.25
2025-04-09 17:26:00+00:00,5316.02
2025-04-09 17:27:00+00:00,5344.47
2025-04-09 17:28:00+00:00,5271.87
2025-04-09 17:29:00+00:00,5256.32
2025-04-09 17:30:00+00:00,5269.32
2025-04-09 17:31:00+00:00,5304.58
2025-04-09 17:32:00+00:00,5316.83
2025-04-09 17:33:00+00:00,5318.48
2025-04-09 17:34:00+00:00,5337.04
2025-04-09 17:35:00+00:00,5368.53
2025-04-09 17:36:00+00:00,5329.42
2025-04-09 17:37:00+00:00,5344.6
2025-04-09 17:38:00+00:00,5319.96
2025-04-09 17:39:00+00:00,5293.6
2025-04-09 17:40:00+00:00,5292.56
2025-04-09 17:41:00+00:00,5304.5
2025-04-09 17:42:00+00:00,5302.47
2025-04-09 17:43:00+00:00,5279.73
2025-04-09 17:44:00+00:00,5276.97
2025-04-09 17:45:00+00:00,5289.2
2025-04-09 17:46:00+00:00,5327.65
2025-04-09 17:47:00+00:00,5312.77
2025-04-09 17:48:00+00:00,5336.06
2025-04-09 17:49:00+00:00,5327.62
2025-04-09 17:50:00+00:00,5315.28
2025-04-09 17:51:00+00:00,5325.19
2025-04-09 17:52:00+00:00,5320.06
2025-04-09 17:53:00+00:00,5315.94
2025-04-09 17:54:00+00:00,5330.3
2025-04-09 17:55:00+00:00,5315.67
2025-04-09 17:56:00+00:00,5337.51
2025-04-09 17:57:00+00:00,5358.08
2025-04-09 17:58:00+00:00,5368.59
2025-04-09 17:59:00+00:00,5367.85
2025-04-09 18:00:00+00:00,5381.84
2025-04-09 18:01:00+00:00,5380.85
2025-04-09 18:02:00+00:00,5386.2
2025-04-09 18:03:00+00:00,5388.85
2025-04-09 18:04:00+00:00,5379.73
2025-04-09 18:05:00+00:00,5368.97
2025-04-09 18:06:00+00:00,5363.67
2025-04-09 18:07:00+00:00,5350.27
2025-04-09 18:08:00+00:00,5341.55
2025-04-09 18:09:00+00:00,5359.89
2025-04-09 18:10:00+00:00,5362.14
2025-04-09 18:11:00+00:00,5371.85
2025-04-09 18:12:00+00:00,5379.16
2025-04-09 18:13:00+00:00,5367.48
2025-04-09 18:14:00+00:00,5364.05
2025-04-09 18:15:00+00:00,5353.67
2025-04-09 18:16:00+00:00,5367.51
2025-04-09 18:17:00+00:00,5367.42
2025-04-09 18:18:00+00:00,5388.75
2025-04-09 18:19:00+00:00,5366.33
2025-04-09 18:20:00+00:00,5362.57
2025-04-09 18:21:00+00:00,5361.65
2025-04-09 18:22:00+00:00,5374.22
2025-04-09 18:23:00+00:00,5387.71
2025-04-09 18:24:00+00:00,5389.47
2025-04-09 18:25:00+00:00,5396.3
2025-04-09 18:26:00+00:00,5389.45
2025-04-09 18:27:00+00:00,5408.37
2025-04-09 18:28:00+00:00,5406.2
2025-04-09 18:29:00+00:00,5403.97
2025-04-09 18:30:00+00:00,5409.38
2025-04-09 18:31:00+00:00,5407.28
2025-04-09 18:32:00+00:00,5409.25
2025-04-09 18:33:00+00:00,5391.03
2025-04-09 18:34:00+00:00,5378.37
2025-04-09 18:35:00+00:00,5394.58
2025-04-09 18:36:00+00:00,5384.58
2025-04-09 18:37:00+00:00,5390.18
2025-04-09 18:38:00+00:00,5387.82
2025-04-09 18:39:00+00:00,5389.38
2025-04-09 18:40:00+00:00,5387.1
2025-04-09 18:41:00+00:00,5382.77
2025-04-09 18:42:00+00:00,5358.83
2025-04-09 18:43:00+00:00,5359.99
2025-04-09 18:44:00+00:00,5344.74
2025-04-09 18:45:00+00:00,5337.93
2025-04-09 18:46:00+00:00,5352.59
2025-04-09 18:47:00+00:00,5353.23
2025-04-09 18:48:00+00:00,5362.88
2025-04-09 18:49:00+00:00,5360.29
2025-04-09 18:50:00+00:00,5365.3
2025-04-09 18:51:00+00:00,5370.06
2025-04-09 18:52:00+00:00,5372.57
2025-04-09 18:53:00+00:00,5353.17
2025-04-09 18:54:00+00:00,5353.37
2025-04-09 18:55:00+00:00,5346.01
2025-04-09 18:56:00+00:00,5339.2
2025-04-09 18:57:00+00:00,5346.69
2025-04-09 18:58:00+00:00,5338.3
2025-04-09 18:59:00+00:00,5328.45
2025-04-09 19:00:00+00:00,5321.0
2025-04-09 19:01:00+00:00,5330.96
2025-04-09 19:02:00+00:00,5348.8
2025-04-09 19:03:00+00:00,5351.13
2025-04-09 19:04:00+00:00,5362.71
2025-04-09 19:05:00+00:00,5367.31
2025-04-09 19:06:00+00:00,5358.75
2025-04-09 19:07:00+00:00,5364.27
2025-04-09 19:08:00+00:00,5359.99
2025-04-09 19:09:00+00:00,5367.05
2025-04-09 19:10:00+00:00,5378.12
2025-04-09 19:11:00+00:00,5379.11
2025-04-09 19:12:00+00:00,5376.25
2025-04-09 19:13:00+00:00,5383.62
2025-04-09 19:14:00+00:00,5393.93
2025-04-09 19:15:00+00:00,5392.65
2025-04-09 19:16:00+00:00,5390.08
2025-04-09 19:17:00+00:00,5389.27
2025-04-09 19:18:00+00:00,5384.84
2025-04-09 19:19:00+00:00,5399.59
2025-04-09 19:20:00+00:00,5409.84
2025-04-09 19:21:00+00:00,5419.09
2025-04-09 19:22:00+00:00,5414.11
2025-04-09 19:23:00+00:00,5421.43
2025-04-09 19:24:00+00:00,5419.41
2025-04-09 19:25:00+00:00,5432.35
2025-04-09 19:26:00+00:00,5424.87
2025-04-09 19:27:00+00:00,5427.84
2025-04-09 19:28:00+00:00,5418.32
2025-04-09 19:29:00+00:00,5423.82
2025-04-09 19:30:00+00:00,5432.71
2025-04-09 19:31:00+00:00,5443.65
2025-04-09 19:32:00+00:00,5451.14
2025-04-09 19:33:00+00:00,5436.64
2025-04-09 19:34:00+00:00,5441.58
2025-04-09 19:35:00+00:00,5438.38
2025-04-09 19:36:00+00:00,5425.75
2025-04-09 19:37:00+00:00,5424.14
2025-04-09 19:38:00+00:00,5427.53
2025-04-09 19:39:00+00:00,5437.7
2025-04-09 19:40:00+00:00,5434.1
2025-04-09 19:41:00+00:00,5434.19
2025-04-09 19:42:00+00:00,5431.67
2025-04-09 19:43:00+00:00,5437.44
2025-04-09 19:44:00+00:00,5435.89
2025-04-09 19:45:00+00:00,5434.82
2025-04-09 19:46:00+00:00,5429.72
2025-04-09 19:47:00+00:00,5438.08
2025-04-09 19:48:00+00:00,5442.35
2025-04-09 19:49:00+00:00,5448.75
2025-04-09 19:50:00+00:00,5470.26
2025-04-09 19:51:00+00:00,5467.32
2025-04-09 19:52:00+00:00,5477.12
2025-04-09 19:53:00+00:00,5469.23
2025-04-09 19:54:00+00:00,5459.68
2025-04-09 19:55:00+00:00,5455.84
2025-04-09 19:56:00+00:00,5443.97
2025-04-09 19:57:00+00:00,5455.72
2025-04-09 19:58:00+00:00,5454.62
2025-04-09 19:59:00+00:00,5451.61
2025-04-10 13:30:00+00:00,5343.87
2025-04-10 13:31:00+00:00,5332.41
2025-04-10 13:32:00+00:00,5340.04
2025-04-10 13:33:00+00:00,5335.01
2025-04-10 13:34:00+00:00,5338.0
2025-04-10 13:35:00+00:00,5333.55
2025-04-10 13:36:00+00:00,5339.85
2025-04-10 13:37:00+00:00,5317.39
2025-04-10 13:38:00+00:00,5336.33
2025-04-10 13:39:00+00:00,5330.2
2025-04-10 13:40:00+00:00,5317.16
2025-04-10 13:41:00+00:00,5315.11
2025-04-10 13:42:00+00:00,5308.78
2025-04-10 13:43:00+00:00,5312.47
2025-04-10 13:44:00+00:00,5315.81
2025-04-10 13:45:00+00:00,5330.99
2025-04-10 13:46:00+00:00,5333.46
2025-04-10 13:47:00+00:00,5332.64
2025-04-10 13:48:00+00:00,5341.51
2025-04-10 13:49:00+00:00,5340.41
2025-04-10 13:50:00+00:00,5348.73
2025-04-10 13:51:00+00:00,5330.68
2025-04-10 13:52:00+00:00,5330.16
2025-04-10 13:53:00+00:00,5332.17
2025-04-10 13:54:00+00:00,5324.07
2025-04-10 13:55:00+00:00,5321.61
2025-04-10 13:56:00+00:00,5316.1
2025-04-10 13:57:00+00:00,5319.48
2025-04-10 13:58:00+00:00,5310.89
2025-04-10 13:59:00+00:00,5308.34
2025-04-10 14:00:00+00:00,5308.05
2025-04-10 14:01:00+00:00,5294.14
2025-04-10 14:02:00+00:00,5305.4
2025-04-10 14:03:00+00:00,5305.27
2025-04-10 14:04:00+00:00,5304.31
2025-04-10 14:05:00+00:00,5315.23
2025-04-10 14:06:00+00:00,5302.28
2025-04-10 14:07:00+00:00,5296.29
2025-04-10 14:08:00+00:00,5305.13
2025-04-10 14:09:00+00:00,5307.42
2025-04-10 14:10:00+00:00,5294.18
2025-04-10 14:11:00+00:00,5290.28
2025-04-10 14:12:00+00:00,5286.62
2025-04-10 14:13:00+00:00,5297.58
2025-04-10 14:14:00+00:00,5294.09
2025-04-10 14:15:00+00:00,5301.24
2025-04-10 14:16:00+00:00,5301.94
2025-04-10 14:17:00+00:00,5298.75
2025-04-10 14:18:00+00:00,5300.82
2025-04-10 14:19:00+00:00,5293.68
2025-04-10 14:20:00+00:00,5295.12
2025-04-10 14:21:00+00:00,5304.29
2025-04-10 14:22:00+00:00,5308.31
2025-04-10 14:23:00+00:00,5313.57
2025-04-10 14:24:00+00:00,5317.37
2025-04-10 14:25:00+00:00,5319.87
2025-04-10 14:26:00+00:00,5319.28
2025-04-10 14:27:00+00:00,5315.09
2025-04-10 14:28:00+00:00,5314.41
2025-04-10 14:29:00+00:00,5301.35
2025-04-10 14:30:00+00:00,5310.95
2025-04-10 14:31:00+00:00,5321.56
2025-04-10 14:32:00+00:00,5316.8
2025-04-10 14:33:00+00:00,5321.48
2025-04-10 14:34:00+00:00,5325.68
2025-04-10 14:35:00+00:00,5323.39
2025-04-10 14:36:00+00:00,5331.7
2025-04-10 14:37:00+00:00,5322.73
2025-04-10 14:38:00+00:00,5325.6
2025-04-10 14:39:00+00:00,5324.13
2025-04-10 14:40:00+00:00,5328.16
2025-04-10 14:41:00+00:00,5323.94
2025-04-10 14:42:00+00:00,5332.79
2025-04-10 14:43:00+00:00,5316.87
2025-04-10 14:44:00+00:00,5317.37
2025-04-10 14:45:00+00:00,5314.7
2025-04-10 14:46:00+00:00,5315.52
2025-04-10 14:47:00+00:00,5307.33
2025-04-10 14:48:00+00:00,5302.74
2025-04-10 14:49:00+00:00,5302.04
2025-04-10 14:50:00+00:00,5301.55
2025-04-10 14:51:00+00:00,5300.23
2025-04-10 14:52:00+00:00,5296.48
2025-04-10 14:53:00+00:00,5297.29
2025-04-10 14:54:00+00:00,5299.46
2025-04-10 14:55:00+00:00,5297.3
2025-04-10 14:56:00+00:00,5291.72
2025-04-10 14:57:00+00:00,5291.13
2025-04-10 14:58:00+00:00,5282.98
2025-04-10 14:59:00+00:00,5280.77
2025-04-10 15:00:00+00:00,5280.71
2025-04-10 15:01:00+00:00,5280.54
2025-04-10 15:02:00+00:00,5280.71
2025-04-10 15:03:00+00:00,5282.97
2025-04-10 15:04:00+00:00,5284.18
2025-04-10 15:05:00+00:00,5289.43
2025-04-10 15:06:00+00:00,5296.35
2025-04-10 15:07:00+00:00,5298.31
2025-04-10 15:08:00+00:00,5298.63
2025-04-10 15:09:00+00:00,5302.78
2025-04-10 15:10:00+00:00,5301.56
2025-04-10 15:11:00+00:00,5296.05
2025-04-10 15:12:00+00:00,5294.77
2025-04-10 15:13:00+00:00,5291.86
2025-04-10 15:14:00+00:00,5282.37
2025-04-10 15:15:00+00:00,5282.19
2025-04-10 15:18:00+00:00,5274.87
2025-04-10 15:19:00+00:00,5271.69
2025-04-10 15:20:00+00:00,5273.35
2025-04-10 15:21:00+00:00,5269.73
2025-04-10 15:22:00+00:00,5266.83
2025-04-10 15:23:00+00:00,5262.39
2025-04-10 15:24:00+00:00,5264.17
2025-04-10 15:25:00+00:00,5261.66
2025-04-10 15:26:00+00:00,5267.22
2025-04-10 15:27:00+00:00,5261.45
2025-04-10 15:28:00+00:00,5260.2
2025-04-10 15:29:00+00:00,5255.38
2025-04-10 15:30:00+00:00,5253.88
2025-04-10 15:31:00+00:00,5249.23
2025-04-10 15:32:00+00:00,5251.05
2025-04-10 15:33:00+00:00,5242.13
2025-04-10 15:34:00+00:00,5251.64
2025-04-10 15:35:00+00:00,5246.78
2025-04-10 15:36:00+00:00,5252.97
2025-04-10 15:37:00+00:00,5245.21
2025-04-10 15:38:00+00:00,5246.59
2025-04-10 15:39:00+00:00,5238.45
2025-04-10 15:40:00+00:00,5245.75
2025-04-10 15:41:00+00:00,5242.58
2025-04-10 15:42:00+00:00,5248.7
2025-04-10 15:43:00+00:00,5242.21
2025-04-10 15:44:00+00:00,5234.6
2025-04-10 15:45:00+00:00,5243.16
2025-04-10 15:46:00+00:00,5238.92
2025-04-10 15:47:00+00:00,5233.64
2025-04-10 15:48:00+00:00,5229.52
2025-04-10 15:49:00+00:00,5227.53
2025-04-10 15:50:00+00:00,5223.56
2025-04-10 15:51:00+00:00,5216.85
2025-04-10 15:52:00+00:00,5218.82
2025-04-10 15:53:00+00:00,5221.98
2025-04-10 15:54:00+00:00,5231.04
2025-04-10 15:55:00+00:00,5222.39
2025-04-10 15:56:00+00:00,5214.85
2025-04-10 15:57:00+00:00,5206.5
2025-04-10 15:58:00+00:00,5203.4
2025-04-10 15:59:00+00:00,5203.98
2025-04-10 16:00:00+00:00,5205.12
2025-04-10 16:01:00+00:00,5189.3
2025-04-10 16:02:00+00:00,5195.98
2025-04-10 16:03:00+00:00,5185.16
2025-04-10 16:04:00+00:00,5183.26
2025-04-10 16:05:00+00:00,5178.81
2025-04-10 16:06:00+00:00,5187.91
2025-04-10 16:07:00+00:00,5195.59
2025-04-10 16:08:00+00:00,5199.5
2025-04-10 16:09:00+00:00,5196.75
2025-04-10 16:10:00+00:00,5188.75
2025-04-10 16:11:00+00:00,5203.96
2025-04-10 16:12:00+00:00,5195.05
2025-04-10 16:13:00+00:00,5186.91
2025-04-10 16:14:00+00:00,5180.0
2025-04-10 16:15:00+00:00,5176.67
2025-04-10 16:16:00+00:00,5175.63
2025-04-10 16:17:00+00:00,5170.93
2025-04-10 16:18:00+00:00,5159.08
2025-04-10 16:19:00+00:00,5162.02
2025-04-10 16:20:00+00:00,5156.76
2025-04-10 16:21:00+00:00,5143.0
2025-04-10 16:22:00+00:00,5129.25
2025-04-10 16:23:00+00:00,5135.29
2025-04-10 16:24:00+00:00,5149.73
2025-04-10 16:25:00+00:00,5137.5
2025-04-10 16:26:00+00:00,5138.16
2025-04-10 16:27:00+00:00,5120.38
2025-04-10 16:28:00+00:00,5141.1
2025-04-10 16:29:00+00:00,5136.34
2025-04-10 16:30:00+00:00,5160.97
2025-04-10 16:31:00+00:00,5168.6
2025-04-10 16:32:00+00:00,5175.26
2025-04-10 16:33:00+00:00,5178.79
2025-04-10 16:34:00+00:00,5186.26
2025-04-10 16:35:00+00:00,5174.77
2025-04-10 16:36:00+00:00,5181.42
2025-04-10 16:37:00+00:00,5195.83
2025-04-10 16:38:00+00:00,5199.61
2025-04-10 16:39:00+00:00,5197.84
2025-04-10 16:40:00+00:00,5186.75
2025-04-10 16:41:00+00:00,5187.47
2025-04-10 16:42:00+00:00,5192.26
2025-04-10 16:43:00+00:00,5188.67
2025-04-10 16:44:00+00:00,5195.89
2025-04-10 16:45:00+00:00,5178.0
2025-04-10 16:46:00+00:00,5180.75
2025-04-10 16:47:00+00:00,5188.11
2025-04-10 16:48:00+00:00,5192.87
2025-04-10 16:49:00+00:00,5212.46
2025-04-10 16:50:00+00:00,5214.23
2025-04-10 16:51:00+00:00,5217.45
2025-04-10 16:52:00+00:00,5204.99
2025-04-10 16:53:00+00:00,5203.83
2025-04-10 16:54:00+00:00,5197.26
2025-04-10 16:55:00+00:00,5199.34
2025-04-10 16:56:00+00:00,5196.72
2025-04-10 16:57:00+00:00,5208.3
2025-04-10 16:58:00+00:00,5215.16
2025-04-10 16:59:00+00:00,5214.07
2025-04-10 17:00:00+00:00,5227.92
2025-04-10 17:01:00+00:00,5211.03
2025-04-10 17:02:00+00:00,5248.57
2025-04-10 17:03:00+00:00,5226.66
2025-04-10 17:04:00+00:00,5229.32
2025-04-10 17:05:00+00:00,5214.48
2025-04-10 17:06:00+00:00,5214.08
2025-04-10 17:07:00+00:00,5201.06
2025-04-10 17:08:00+00:00,5202.33
2025-04-10 17:09:00+00:00,5193.02
2025-04-10 17:10:00+00:00,5178.45
2025-04-10 17:11:00+00:00,5169.48
2025-04-10 17:12:00+00:00,5168.5
2025-04-10 17:13:00+00:00,5156.86
2025-04-10 17:14:00+00:00,5159.4
2025-04-10 17:15:00+00:00,5161.32
2025-04-10 17:16:00+00:00,5162.94
2025-04-10 17:17:00+00:00,5163.1
2025-04-10 17:18:00+00:00,5173.23
2025-04-10 17:19:00+00:00,5171.51
2025-04-10 17:20:00+00:00,5166.75
2025-04-10 17:21:00+00:00,5154.03
2025-04-10 17:22:00+00:00,5161.82
2025-04-10 17:23:00+00:00,5168.67
2025-04-10 17:24:00+00:00,5174.73
2025-04-10 17:25:00+00:00,5189.3
2025-04-10 17:26:00+00:00,5195.93
2025-04-10 17:27:00+00:00,5200.85
2025-04-10 17:28:00+00:00,5206.58
2025-04-10 17:29:00+00:00,5209.93
2025-04-10 17:30:00+00:00,5206.53
2025-04-10 17:31:00+00:00,5206.88
2025-04-10 17:32:00+00:00,5214.99
2025-04-10 17:33:00+00:00,5222.94
2025-04-10 17:34:00+00:00,5209.64
2025-04-10 17:35:00+00:00,5212.19
2025-04-10 17:36:00+00:00,5218.46
2025-04-10 17:37:00+00:00,5220.77
2025-04-10 17:38:00+00:00,5232.03
2025-04-10 17:39:00+00:00,5213.03
2025-04-10 17:40:00+00:00,5210.63
2025-04-10 17:41:00+00:00,5220.93
2025-04-10 17:42:00+00:00,5232.56
2025-04-10 17:43:00+00:00,5240.15
2025-04-10 17:44:00+00:00,5243.89
2025-04-10 17:45:00+00:00,5256.41
2025-04-10 17:46:00+00:00,5253.47
2025-04-10 17:47:00+00:00,5244.24
2025-04-10 17:48:00+00:00,5245.71
2025-04-10 17:49:00+00:00,5243.61
2025-04-10 17:50:00+00:00,5254.89
2025-04-10 17:51:00+00:00,5245.39
2025-04-10 17:52:00+00:00,5237.37
2025-04-10 17:53:00+00:00,5243.29
2025-04-10 17:54:00+00:00,5256.27
2025-04-10 17:55:00+00:00,5262.1
2025-04-10 17:56:00+00:00,5268.26
2025-04-10 17:57:00+00:00,5262.39
2025-04-10 17:58:00+00:00,5268.74
2025-04-10 17:59:00+00:00,5260.69
2025-04-10 18:00:00+00:00,5260.79
2025-04-10 18:01:00+00:00,5272.11
2025-04-10 18:02:00+00:00,5280.02
2025-04-10 18:03:00+00:00,5288.32
2025-04-10 18:04:00+00:00,5288.29
2025-04-10 18:05:00+00:00,5289.92
2025-04-10 18:06:00+00:00,5274.78
2025-04-10 18:07:00+00:00,5277.31
2025-04-10 18:08:00+00:00,5257.22
2025-04-10 18:09:00+00:00,5245.0
2025-04-10 18:10:00+00:00,5246.15
2025-04-10 18:11:00+00:00,5241.34
2025-04-10 18:12:00+00:00,5242.55
2025-04-10 18:13:00+00:00,5232.11
2025-04-10 18:14:00+00:00,5227.27
2025-04-10 18:15:00+00:00,5233.06
2025-04-10 18:16:00+00:00,5228.91
2025-04-10 18:17:00+00:00,5238.82
2025-04-10 18:18:00+00:00,5246.26
2025-04-10 18:19:00+00:00,5245.68
2025-04-10 18:20:00+00:00,5262.32
2025-04-10 18:21:00+00:00,5270.05
2025-04-10 18:22:00+00:00,5283.3
2025-04-10 18:23:00+00:00,5283.02
2025-04-10 18:24:00+00:00,5282.01
2025-04-10 18:25:00+00:00,5288.27
2025-04-10 18:26:00+00:00,5298.17
2025-04-10 18:27:00+00:00,5295.29
2025-04-10 18:28:00+00:00,5295.58
2025-04-10 18:29:00+00:00,5300.92
2025-04-10 18:30:00+00:00,5298.5
2025-04-10 18:31:00+00:00,5309.91
2025-04-10 18:32:00+00:00,5310.76
2025-04-10 18:33:00+00:00,5299.32
2025-04-10 18:34:00+00:00,5288.65
2025-04-10 18:35:00+00:00,5280.58
2025-04-10 18:36:00+00:00,5280.54
2025-04-10 18:37:00+00:00,5287.37
2025-04-10 18:38:00+00:00,5292.9
2025-04-10 18:39:00+00:00,5291.49
2025-04-10 18:40:00+00:00,5292.93
2025-04-10 18:41:00+00:00,5299.25
2025-04-10 18:42:00+00:00,5306.63
2025-04-10 18:43:00+00:00,5308.9
2025-04-10 18:44:00+00:00,5311.25
2025-04-10 18:45:00+00:00,5297.33
2025-04-10 18:46:00+00:00,5287.07
2025-04-10 18:47:00+00:00,5284.33
2025-04-10 18:48:00+00:00,5280.75
2025-04-10 18:49:00+00:00,5282.89
2025-04-10 18:50:00+00:00,5294.85
2025-04-10 18:51:00+00:00,5285.92
2025-04-10 18:52:00+00:00,5273.14
2025-04-10 18:53:00+00:00,5277.68
2025-04-10 18:54:00+00:00,5265.47
2025-04-10 18:55:00+00:00,5266.07
2025-04-10 18:56:00+00:00,5276.79
2025-04-10 18:57:00+00:00,5285.15
2025-04-10 18:58:00+00:00,5283.29
2025-04-10 18:59:00+00:00,5279.76
2025-04-10 19:00:00+00:00,5297.54
2025-04-10 19:01:00+00:00,5299.88
2025-04-10 19:02:00+00:00,5308.75
2025-04-10 19:03:00+00:00,5305.53
2025-04-10 19:04:00+00:00,5304.59
2025-04-10 19:05:00+00:00,5300.77
2025-04-10 19:06:00+00:00,5299.6
2025-04-10 19:07:00+00:00,5285.2
2025-04-10 19:08:00+00:00,5269.46
2025-04-10 19:09:00+00:00,5262.98
2025-04-10 19:10:00+00:00,5272.78
2025-04-10 19:11:00+00:00,5268.59
2025-04-10 19:12:00+00:00,5264.62
2025-04-10 19:13:00+00:00,5267.99
2025-04-10 19:14:00+00:00,5269.46
2025-04-10 19:15:00+00:00,5266.77
2025-04-10 19:16:00+00:00,5270.14
2025-04-10 19:17:00+00:00,5271.86
2025-04-10 19:18:00+00:00,5275.68
2025-04-10 19:19:00+00:00,5285.76
2025-04-10 19:20:00+00:00,5294.37
2025-04-10 19:21:00+00:00,5300.2
2025-04-10 19:22:00+00:00,5292.73
2025-04-10 19:23:00+00:00,5284.42
2025-04-10 19:24:00+00:00,5274.59
2025-04-10 19:25:00+00:00,5274.96
2025-04-10 19:26:00+00:00,5273.05
2025-04-10 19:27:00+00:00,5269.59
2025-04-10 19:28:00+00:00,5258.26
2025-04-10 19:29:00+00:00,5244.19
2025-04-10 19:30:00+00:00,5250.85
2025-04-10 19:31:00+00:00,5262.47
2025-04-10 19:32:00+00:00,5261.56
2025-04-10 19:33:00+00:00,5265.18
2025-04-10 19:34:00+00:00,5257.13
2025-04-10 19:35:00+00:00,5256.61
2025-04-10 19:36:00+00:00,5244.25
2025-04-10 19:37:00+00:00,5242.9
2025-04-10 19:38:00+00:00,5240.4
2025-04-10 19:39:00+00:00,5234.62
2025-04-10 19:40:00+00:00,5226.82
2025-04-10 19:41:00+00:00,5221.18
2025-04-10 19:42:00+00:00,5214.98
2025-04-10 19:43:00+00:00,5204.78
2025-04-10 19:44:00+00:00,5204.0
2025-04-10 19:45:00+00:00,5217.23
2025-04-10 19:46:00+00:00,5223.68
2025-04-10 19:47:00+00:00,5223.86
2025-04-10 19:48:00+00:00,5214.95
2025-04-10 19:49:00+00:00,5222.22
2025-04-10 19:50:00+00:00,5248.3
2025-04-10 19:51:00+00:00,5255.16
2025-04-10 19:52:00+00:00,5259.06
2025-04-10 19:53:00+00:00,5261.82
2025-04-10 19:54:00+00:00,5270.45
2025-04-10 19:55:00+00:00,5262.32
2025-04-10 19:56:00+00:00,5276.16
2025-04-10 19:57:00+00:00,5277.06
2025-04-10 19:58:00+00:00,5268.19
2025-04-10 19:59:00+00:00,5268.18
2025-04-11 13:30:00+00:00,5260.24
2025-04-11 13:31:00+00:00,5244.41
2025-04-11 13:32:00+00:00,5232.41
2025-04-11 13:33:00+00:00,5240.41
2025-04-11 13:34:00+00:00,5244.34
2025-04-11 13:35:00+00:00,5247.35
2025-04-11 13:36:00+00:00,5246.21
2025-04-11 13:37:00+00:00,5238.64
2025-04-11 13:38:00+00:00,5254.95
2025-04-11 13:39:00+00:00,5264.14
2025-04-11 13:40:00+00:00,5249.76
2025-04-11 13:41:00+00:00,5247.91
2025-04-11 13:42:00+00:00,5259.09
2025-04-11 13:43:00+00:00,5269.68
2025-04-11 13:44:00+00:00,5272.93
2025-04-11 13:45:00+00:00,5278.07
2025-04-11 13:46:00+00:00,5294.9
2025-04-11 13:49:00+00:00,5293.53
2025-04-11 13:50:00+00:00,5280.25
2025-04-11 13:51:00+00:00,5283.24
2025-04-11 13:52:00+00:00,5292.29
2025-04-11 13:53:00+00:00,5298.05
2025-04-11 13:54:00+00:00,5300.39
2025-04-11 13:55:00+00:00,5291.89
2025-04-11 13:56:00+00:00,5299.06
2025-04-11 13:57:00+00:00,5291.77
2025-04-11 13:58:00+00:00,5287.19
2025-04-11 13:59:00+00:00,5283.85
2025-04-11 14:00:00+00:00,5268.67
2025-04-11 14:01:00+00:00,5263.24
2025-04-11 14:02:00+00:00,5264.5
2025-04-11 14:03:00+00:00,5258.76
2025-04-11 14:04:00+00:00,5270.6
2025-04-11 14:05:00+00:00,5271.74
2025-04-11 14:06:00+00:00,5271.81
2025-04-11 14:07:00+00:00,5293.33
2025-04-11 14:08:00+00:00,5289.23
2025-04-11 14:09:00+00:00,5290.55
2025-04-11 14:10:00+00:00,5290.84
2025-04-11 14:11:00+00:00,5272.47
2025-04-11 14:12:00+00:00,5269.22
2025-04-11 14:13:00+00:00,5276.56
2025-04-11 14:14:00+00:00,5281.17
2025-04-11 14:15:00+00:00,5288.95
2025-04-11 14:16:00+00:00,5280.29
2025-04-11 14:17:00+00:00,5269.13
2025-04-11 14:18:00+00:00,5265.42
2025-04-11 14:19:00+00:00,5253.05
2025-04-11 14:20:00+00:00,5246.58
2025-04-11 14:21:00+00:00,5243.33
2025-04-11 14:22:00+00:00,5234.57
2025-04-11 14:23:00+00:00,5225.65
2025-04-11 14:24:00+00:00,5237.14
2025-04-11 14:25:00+00:00,5241.32
2025-04-11 14:26:00+00:00,5231.6
2025-04-11 14:27:00+00:00,5235.0
2025-04-11 14:28:00+00:00,5226.38
2025-04-11 14:29:00+00:00,5225.14
2025-04-11 14:30:00+00:00,5237.22
2025-04-11 14:31:00+00:00,5240.72
2025-04-11 14:32:00+00:00,5238.98
2025-04-11 14:33:00+00:00,5255.5
2025-04-11 14:34:00+00:00,5256.45
2025-04-11 14:35:00+00:00,5259.51
2025-04-11 14:36:00+00:00,5262.44
2025-04-11 14:37:00+00:00,5256.48
2025-04-11 14:38:00+00:00,5256.25
2025-04-11 14:39:00+00:00,5259.65
2025-04-11 14:40:00+00:00,5255.06
2025-04-11 14:41:00+00:00,5257.3
2025-04-11 14:42:00+00:00,5265.11
2025-04-11 14:43:00+00:00,5257.8
2025-04-11 14:44:00+00:00,5271.45
2025-04-11 14:45:00+00:00,5275.26
2025-04-11 14:46:00+00:00,5274.29
2025-04-11 14:47:00+00:00,5278.82
2025-04-11 14:48:00+00:00,5277.98
2025-04-11 14:49:00+00:00,5276.19
2025-04-11 14:50:00+00:00,5264.1
2025-04-11 14:51:00+00:00,5264.8
2025-04-11 14:52:00+00:00,5261.74
2025-04-11 14:53:00+00:00,5255.89
2025-04-11 14:54:00+00:00,5262.77
2025-04-11 14:55:00+00:00,5261.39
2025-04-11 14:56:00+00:00,5261.35
2025-04-11 14:57:00+00:00,5262.37
2025-04-11 14:58:00+00:00,5255.2
2025-04-11 14:59:00+00:00,5250.48
2025-04-11 15:00:00+00:00,5270.51
2025-04-11 15:01:00+00:00,5256.61
2025-04-11 15:02:00+00:00,5257.79
2025-04-11 15:03:00+00:00,5245.51
2025-04-11 15:04:00+00:00,5246.78
2025-04-11 15:05:00+00:00,5240.67
2025-04-11 15:06:00+00:00,5239.91
2025-04-11 15:07:00+00:00,5239.82
2025-04-11 15:08:00+00:00,5245.43
2025-04-11 15:09:00+00:00,5251.58
2025-04-11 15:12:00+00:00,5247.34
2025-04-11 15:13:00+00:00,5241.84
2025-04-11 15:14:00+00:00,5237.28
2025-04-11 15:15:00+00:00,5238.2
2025-04-11 15:16:00+00:00,5239.1
2025-04-11 15:17:00+00:00,5234.17
2025-04-11 15:18:00+00:00,5229.18
2025-04-11 15:19:00+00:00,5234.91
2025-04-11 15:20:00+00:00,5235.67
2025-04-11 15:21:00+00:00,5241.84
2025-04-11 15:22:00+00:00,5240.17
2025-04-11 15:23:00+00:00,5229.84
2025-04-11 15:24:00+00:00,5233.14
2025-04-11 15:25:00+00:00,5241.66
2025-04-11 15:26:00+00:00,5233.94
2025-04-11 15:27:00+00:00,5244.23
2025-04-11 15:28:00+00:00,5248.84
2025-04-11 15:29:00+00:00,5248.36
2025-04-11 15:30:00+00:00,5250.88
2025-04-11 15:31:00+00:00,5248.27
2025-04-11 15:32:00+00:00,5253.34
2025-04-11 15:33:00+00:00,5251.54
2025-04-11 15:34:00+00:00,5255.13
2025-04-11 15:35:00+00:00,5249.72
2025-04-11 15:36:00+00:00,5259.89
2025-04-11 15:37:00+00:00,5261.37
2025-04-11 15:38:00+00:00,5266.46
2025-04-11 15:39:00+00:00,5275.94
2025-04-11 15:40:00+00:00,5266.72
2025-04-11 15:41:00+00:00,5262.15
2025-04-11 15:42:00+00:00,5271.12
2025-04-11 15:43:00+00:00,5267.32
2025-04-11 15:44:00+00:00,5270.06
2025-04-11 15:45:00+00:00,5270.39
2025-04-11 15:46:00+00:00,5269.29
2025-04-11 15:47:00+00:00,5275.44
2025-04-11 15:48:00+00:00,5277.72
2025-04-11 15:49:00+00:00,5276.68
2025-04-11 15:50:00+00:00,5274.78
2025-04-11 15:51:00+00:00,5270.79
2025-04-11 15:52:00+00:00,5275.19
2025-04-11 15:53:00+00:00,5276.87
2025-04-11 15:54:00+00:00,5276.04
2025-04-11 15:55:00+00:00,5277.49
2025-04-11 15:56:00+00:00,5282.67
2025-04-11 15:57:00+00:00,5281.96
2025-04-11 15:58:00+00:00,5286.26
2025-04-11 15:59:00+00:00,5285.57
2025-04-11 16:00:00+00:00,5288.21
2025-04-11 16:01:00+00:00,5281.93
2025-04-11 16:02:00+00:00,5282.83
2025-04-11 16:03:00+00:00,5280.0
2025-04-11 16:04:00+00:00,5287.06
2025-04-11 16:05:00+00:00,5294.39
2025-04-11 16:06:00+00:00,5298.21
2025-04-11 16:07:00+00:00,5293.41
2025-04-11 16:08:00+00:00,5294.21
2025-04-11 16:09:00+00:00,5288.55
2025-04-11 16:10:00+00:00,5295.6
2025-04-11 16:11:00+00:00,5294.73
2025-04-11 16:12:00+00:00,5300.33
2025-04-11 16:13:00+00:00,5299.67
2025-04-11 16:14:00+00:00,5296.27
2025-04-11 16:15:00+00:00,5293.31
2025-04-11 16:16:00+00:00,5301.29
2025-04-11 16:17:00+00:00,5301.83
2025-04-11 16:18:00+00:00,5300.09
2025-04-11 16:19:00+00:00,5302.47
2025-04-11 16:20:00+00:00,5302.18
2025-04-11 16:21:00+00:00,5298.2
2025-04-11 16:22:00+00:00,5296.3
2025-04-11 16:23:00+00:00,5299.74
2025-04-11 16:24:00+00:00,5292.17
2025-04-11 16:25:00+00:00,5288.19
2025-04-11 16:26:00+00:00,5286.45
2025-04-11 16:27:00+00:00,5291.04
2025-04-11 16:28:00+00:00,5296.03
2025-04-11 16:29:00+00:00,5291.36
2025-04-11 16:30:00+00:00,5301.92
2025-04-11 16:31:00+00:00,5308.06
2025-04-11 16:32:00+00:00,5313.22
2025-04-11 16:33:00+00:00,5316.86
2025-04-11 16:34:00+00:00,5316.44
2025-04-11 16:35:00+00:00,5320.68
2025-04-11 16:36:00+00:00,5326.55
2025-04-11 16:37:00+00:00,5333.17
2025-04-11 16:38:00+00:00,5334.28
2025-04-11 16:39:00+00:00,5330.24
2025-04-11 16:40:00+00:00,5328.36
2025-04-11 16:41:00+00:00,5325.56
2025-04-11 16:42:00+00:00,5332.0
2025-04-11 16:43:00+00:00,5336.36
2025-04-11 16:44:00+00:00,5337.2
2025-04-11 16:45:00+00:00,5330.91
2025-04-11 16:46:00+00:00,5331.38
2025-04-11 16:47:00+00:00,5335.84
2025-04-11 16:48:00+00:00,5339.97
2025-04-11 16:49:00+00:00,5343.69
2025-04-11 16:50:00+00:00,5339.85
2025-04-11 16:51:00+00:00,5336.25
2025-04-11 16:52:00+00:00,5343.83
2025-04-11 16:53:00+00:00,5339.74
2025-04-11 16:54:00+00:00,5340.92
2025-04-11 16:55:00+00:00,5342.79
2025-04-11 16:56:00+00:00,5336.43
2025-04-11 16:57:00+00:00,5340.85
2025-04-11 16:58:00+00:00,5339.33
2025-04-11 16:59:00+00:00,5335.8
2025-04-11 17:00:00+00:00,5330.07
2025-04-11 17:01:00+00:00,5332.01
2025-04-11 17:02:00+00:00,5339.61
2025-04-11 17:03:00+00:00,5341.92
2025-04-11 17:04:00+00:00,5338.19
2025-04-11 17:05:00+00:00,5336.95
2025-04-11 17:06:00+00:00,5345.99
2025-04-11 17:07:00+00:00,5343.43
2025-04-11 17:08:00+00:00,5334.71
2025-04-11 17:09:00+00:00,5336.44
2025-04-11 17:10:00+00:00,5334.27
2025-04-11 17:11:00+00:00,5333.81
2025-04-11 17:12:00+00:00,5331.99
2025-04-11 17:13:00+00:00,5326.8
2025-04-11 17:14:00+00:00,5331.5
2025-04-11 17:15:00+00:00,5332.9
2025-04-11 17:16:00+00:00,5335.27
2025-04-11 17:17:00+00:00,5327.58
2025-04-11 17:18:00+00:00,5319.58
2025-04-11 17:19:00+00:00,5319.3
2025-04-11 17:20:00+00:00,5321.75
2025-04-11 17:21:00+00:00,5330.33
2025-04-11 17:22:00+00:00,5335.29
2025-04-11 17:23:00+00:00,5327.04
2025-04-11 17:24:00+00:00,5324.39
2025-04-11 17:25:00+00:00,5321.56
2025-04-11 17:26:00+00:00,5322.88
2025-04-11 17:27:00+00:00,5320.58
2025-04-11 17:28:00+00:00,5318.8
2025-04-11 17:29:00+00:00,5315.66
2025-04-11 17:30:00+00:00,5319.68
2025-04-11 17:31:00+00:00,5308.5
2025-04-11 17:32:00+00:00,5316.51
2025-04-11 17:33:00+00:00,5311.63
2025-04-11 17:34:00+00:00,5316.38
2025-04-11 17:35:00+00:00,5312.26
2025-04-11 17:36:00+00:00,5323.02
2025-04-11 17:37:00+00:00,5329.15
2025-04-11 17:38:00+00:00,5333.14
2025-04-11 17:39:00+00:00,5344.98
2025-04-11 17:40:00+00:00,5357.0
2025-04-11 17:41:00+00:00,5351.3
2025-04-11 17:42:00+00:00,5359.05
2025-04-11 17:43:00+00:00,5372.43
2025-04-11 17:44:00+00:00,5372.48
2025-04-11 17:45:00+00:00,5365.98
2025-04-11 17:46:00+00:00,5361.36
2025-04-11 17:47:00+00:00,5357.96
2025-04-11 17:48:00+00:00,5363.5
2025-04-11 17:49:00+00:00,5364.96
2025-04-11 17:50:00+00:00,5366.08
2025-04-11 17:51:00+00:00,5366.18
2025-04-11 17:52:00+00:00,5368.01
2025-04-11 17:53:00+00:00,5375.0
2025-04-11 17:54:00+00:00,5376.62
2025-04-11 17:55:00+00:00,5371.79
2025-04-11 17:56:00+00:00,5366.81
2025-04-11 17:57:00+00:00,5370.71
2025-04-11 17:58:00+00:00,5365.3
2025-04-11 17:59:00+00:00,5364.38
2025-04-11 18:00:00+00:00,5360.02
2025-04-11 18:01:00+00:00,5359.76
2025-04-11 18:02:00+00:00,5361.95
2025-04-11 18:03:00+00:00,5362.29
2025-04-11 18:04:00+00:00,5365.78
2025-04-11 18:05:00+00:00,5361.24
2025-04-11 18:06:00+00:00,5354.13
2025-04-11 18:07:00+00:00,5352.2
2025-04-11 18:08:00+00:00,5355.57
2025-04-11 18:09:00+00:00,5353.51
2025-04-11 18:10:00+00:00,5349.08
2025-04-11 18:11:00+00:00,5356.09
2025-04-11 18:12:00+00:00,5356.38
2025-04-11 18:13:00+00:00,5355.02
2025-04-11 18:14:00+00:00,5353.88
2025-04-11 18:15:00+00:00,5356.44
2025-04-11 18:16:00+00:00,5352.84
2025-04-11 18:17:00+00:00,5349.72
2025-04-11 18:18:00+00:00,5345.56
2025-04-11 18:19:00+00:00,5342.65
2025-04-11 18:20:00+00:00,5342.8
2025-04-11 18:21:00+00:00,5336.31
2025-04-11 18:22:00+00:00,5347.99
2025-04-11 18:23:00+00:00,5343.03
2025-04-11 18:24:00+00:00,5346.54
2025-04-11 18:25:00+00:00,5343.43
2025-04-11 18:26:00+00:00,5345.25
2025-04-11 18:27:00+00:00,5340.22
2025-04-11 18:28:00+00:00,5342.03
2025-04-11 18:29:00+00:00,5349.21
2025-04-11 18:30:00+00:00,5350.63
2025-04-11 18:31:00+00:00,5346.59
2025-04-11 18:32:00+00:00,5349.52
2025-04-11 18:33:00+00:00,5350.76
2025-04-11 18:34:00+00:00,5347.71
2025-04-11 18:35:00+00:00,5348.9
2025-04-11 18:36:00+00:00,5354.93
2025-04-11 18:37:00+00:00,5353.32
2025-04-11 18:38:00+00:00,5345.27
2025-04-11 18:39:00+00:00,5350.93
2025-04-11 18:40:00+00:00,5357.23
2025-04-11 18:41:00+00:00,5355.6
2025-04-11 18:42:00+00:00,5353.73
2025-04-11 18:43:00+00:00,5353.94
2025-04-11 18:44:00+00:00,5354.5
2025-04-11 18:45:00+00:00,5358.4
2025-04-11 18:46:00+00:00,5356.88
2025-04-11 18:47:00+00:00,5356.25
2025-04-11 18:48:00+00:00,5360.17
2025-04-11 18:49:00+00:00,5360.04
2025-04-11 18:50:00+00:00,5357.82
2025-04-11 18:51:00+00:00,5347.1
2025-04-11 18:52:00+00:00,5349.59
2025-04-11 18:53:00+00:00,5354.18
2025-04-11 18:54:00+00:00,5355.03
2025-04-11 18:55:00+00:00,5351.15
2025-04-11 18:56:00+00:00,5346.22
2025-04-11 18:57:00+00:00,5343.1
2025-04-11 18:58:00+00:00,5343.75
2025-04-11 18:59:00+00:00,5340.08
2025-04-11 19:00:00+00:00,5347.0
2025-04-11 19:01:00+00:00,5348.76
2025-04-11 19:02:00+00:00,5357.13
2025-04-11 19:03:00+00:00,5358.13
2025-04-11 19:04:00+00:00,5356.46
2025-04-11 19:05:00+00:00,5350.5
2025-04-11 19:06:00+00:00,5360.19
2025-04-11 19:07:00+00:00,5362.5
2025-04-11 19:08:00+00:00,5360.62
2025-04-11 19:09:00+00:00,5364.83
2025-04-11 19:10:00+00:00,5364.67
2025-04-11 19:11:00+00:00,5364.72
2025-04-11 19:12:00+00:00,5365.23
2025-04-11 19:13:00+00:00,5369.74
2025-04-11 19:14:00+00:00,5368.36
2025-04-11 19:15:00+00:00,5362.62
2025-04-11 19:16:00+00:00,5363.49
2025-04-11 19:17:00+00:00,5358.08
2025-04-11 19:18:00+00:00,5362.48
2025-04-11 19:19:00+00:00,5367.8
2025-04-11 19:20:00+00:00,5366.92
2025-04-11 19:21:00+00:00,5366.55
2025-04-11 19:22:00+00:00,5368.57
2025-04-11 19:23:00+00:00,5372.82
2025-04-11 19:24:00+00:00,5370.28
2025-04-11 19:25:00+00:00,5369.27
2025-04-11 19:26:00+00:00,5370.23
2025-04-11 19:27:00+00:00,5369.1
2025-04-11 19:28:00+00:00,5364.78
2025-04-11 19:29:00+00:00,5365.3
2025-04-11 19:30:00+00:00,5360.88
2025-04-11 19:31:00+00:00,5361.05
2025-04-11 19:32:00+00:00,5365.94
2025-04-11 19:33:00+00:00,5367.97
2025-04-11 19:34:00+00:00,5367.4
2025-04-11 19:35:00+00:00,5360.09
2025-04-11 19:36:00+00:00,5362.81
2025-04-11 19:37:00+00:00,5353.94
2025-04-11 19:38:00+00:00,5357.47
2025-04-11 19:39:00+00:00,5363.14
2025-04-11 19:40:00+00:00,5362.86
2025-04-11 19:41:00+00:00,5365.91
2025-04-11 19:42:00+00:00,5362.93
2025-04-11 19:43:00+00:00,5363.72
2025-04-11 19:44:00+00:00,5367.86
2025-04-11 19:45:00+00:00,5362.22
2025-04-11 19:46:00+00:00,5363.97
2025-04-11 19:47:00+00:00,5365.31
2025-04-11 19:48:00+00:00,5362.34
2025-04-11 19:49:00+00:00,5364.78
2025-04-11 19:50:00+00:00,5367.81
2025-04-11 19:51:00+00:00,5368.23
2025-04-11 19:52:00+00:00,5362.6
2025-04-11 19:53:00+00:00,5363.41
2025-04-11 19:54:00+00:00,5366.74
2025-04-11 19:55:00+00:00,5367.58
2025-04-11 19:56:00+00:00,5368.16
2025-04-11 19:57:00+00:00,5363.81
2025-04-11 19:58:00+00:00,5359.7
2025-04-11 19:59:00+00:00,5361.2
2025-04-14 13:30:00+00:00,5454.61
2025-04-14 13:31:00+00:00,5444.52
2025-04-14 13:32:00+00:00,5447.02
2025-04-14 13:34:00+00:00,5445.8
2025-04-14 13:35:00+00:00,5438.69
2025-04-14 13:36:00+00:00,5435.19
2025-04-14 13:37:00+00:00,5433.96
2025-04-14 13:38:00+00:00,5432.6
2025-04-14 13:39:00+00:00,5431.24
2025-04-14 13:40:00+00:00,5423.96
2025-04-14 13:41:00+00:00,5418.42
2025-04-14 13:42:00+00:00,5421.43
2025-04-14 13:43:00+00:00,5413.12
2025-04-14 13:44:00+00:00,5425.16
2025-04-14 13:45:00+00:00,5431.38
2025-04-14 13:46:00+00:00,5420.44
2025-04-14 13:47:00+00:00,5419.59
2025-04-14 13:48:00+00:00,5423.83
2025-04-14 13:49:00+00:00,5430.08
2025-04-14 13:50:00+00:00,5431.89
2025-04-14 13:51:00+00:00,5429.48
2025-04-14 13:52:00+00:00,5425.42
2025-04-14 13:53:00+00:00,5435.04
2025-04-14 13:54:00+00:00,5435.48
2025-04-14 13:55:00+00:00,5433.4
2025-04-14 13:56:00+00:00,5425.22
2025-04-14 13:57:00+00:00,5424.22
2025-04-14 13:58:00+00:00,5428.56
2025-04-14 13:59:00+00:00,5424.15
2025-04-14 14:00:00+00:00,5423.95
2025-04-14 14:01:00+00:00,5423.96
2025-04-14 14:02:00+00:00,5434.36
2025-04-14 14:03:00+00:00,5442.55
2025-04-14 14:04:00+00:00,5444.84
2025-04-14 14:05:00+00:00,5452.89
2025-04-14 14:06:00+00:00,5447.44
2025-04-14 14:07:00+00:00,5446.55
2025-04-14 14:08:00+00:00,5441.1
2025-04-14 14:09:00+00:00,5439.31
2025-04-14 14:10:00+00:00,5435.84
2025-04-14 14:11:00+00:00,5431.63
2025-04-14 14:12:00+00:00,5431.03
2025-04-14 14:13:00+00:00,5436.84
2025-04-14 14:14:00+00:00,5433.13
2025-04-14 14:15:00+00:00,5425.12
2025-04-14 14:16:00+00:00,5425.55
2025-04-14 14:17:00+00:00,5418.45
2025-04-14 14:18:00+00:00,5422.22
2025-04-14 14:19:00+00:00,5427.31
2025-04-14 14:20:00+00:00,5429.55
2025-04-14 14:21:00+00:00,5429.16
2025-04-14 14:22:00+00:00,5427.68
2025-04-14 14:23:00+00:00,5422.98
2025-04-14 14:24:00+00:00,5429.98
2025-04-14 14:25:00+00:00,5429.32
2025-04-14 14:26:00+00:00,5435.52
2025-04-14 14:27:00+00:00,5436.13
2025-04-14 14:28:00+00:00,5441.14
2025-04-14 14:29:00+00:00,5438.45
2025-04-14 14:30:00+00:00,5436.59
2025-04-14 14:31:00+00:00,5439.9
2025-04-14 14:32:00+00:00,5440.87
2025-04-14 14:33:00+00:00,5444.09
2025-04-14 14:34:00+00:00,5439.78
2025-04-14 14:35:00+00:00,5442.78
2025-04-14 14:36:00+00:00,5443.47
2025-04-14 14:37:00+00:00,5442.31
2025-04-14 14:38:00+00:00,5443.27
2025-04-14 14:39:00+00:00,5444.31
2025-04-14 14:40:00+00:00,5440.14
2025-04-14 14:41:00+00:00,5446.7
2025-04-14 14:42:00+00:00,5447.76
2025-04-14 14:43:00+00:00,5446.09
2025-04-14 14:44:00+00:00,5442.21
2025-04-14 14:45:00+00:00,5444.4
2025-04-14 14:46:00+00:00,5439.2
2025-04-14 14:47:00+00:00,5447.66
2025-04-14 14:48:00+00:00,5447.02
2025-04-14 14:49:00+00:00,5448.53
2025-04-14 14:50:00+00:00,5452.78
2025-04-14 14:51:00+00:00,5452.26
2025-04-14 14:52:00+00:00,5454.96
2025-04-14 14:53:00+00:00,5454.29
2025-04-14 14:54:00+00:00,5455.9
2025-04-14 14:55:00+00:00,5449.87
2025-04-14 14:56:00+00:00,5443.41
2025-04-14 14:57:00+00:00,5442.73
2025-04-14 14:58:00+00:00,5443.97
2025-04-14 14:59:00+00:00,5443.22
2025-04-14 15:00:00+00:00,5441.23
2025-04-14 15:01:00+00:00,5441.28
2025-04-14 15:02:00+00:00,5439.96
2025-04-14 15:03:00+00:00,5436.26
2025-04-14 15:04:00+00:00,5437.86
2025-04-14 15:06:00+00:00,5429.38
2025-04-14 15:07:00+00:00,5428.75
2025-04-14 15:08:00+00:00,5431.55
2025-04-14 15:09:00+00:00,5431.03
2025-04-14 15:10:00+00:00,5434.31
2025-04-14 15:11:00+00:00,5431.1
2025-04-14 15:13:00+00:00,5426.64
2025-04-14 15:14:00+00:00,5424.51
2025-04-14 15:15:00+00:00,5427.5
2025-04-14 15:16:00+00:00,5424.35
2025-04-14 15:17:00+00:00,5421.2
2025-04-14 15:18:00+00:00,5424.78
2025-04-14 15:19:00+00:00,5427.45
2025-04-14 15:20:00+00:00,5423.84
2025-04-14 15:21:00+00:00,5426.62
2025-04-14 15:22:00+00:00,5429.62
2025-04-14 15:23:00+00:00,5423.59
2025-04-14 15:24:00+00:00,5422.13
2025-04-14 15:25:00+00:00,5419.9
2025-04-14 15:26:00+00:00,5416.62
2025-04-14 15:27:00+00:00,5411.04
2025-04-14 15:28:00+00:00,5406.14
2025-04-14 15:29:00+00:00,5403.47
2025-04-14 15:30:00+00:00,5405.46
2025-04-14 15:31:00+00:00,5411.58
2025-04-14 15:32:00+00:00,5413.52
2025-04-14 15:33:00+00:00,5413.09
2025-04-14 15:34:00+00:00,5414.4
2025-04-14 15:35:00+00:00,5411.13
2025-04-14 15:36:00+00:00,5410.7
2025-04-14 15:37:00+00:00,5402.59
2025-04-14 15:38:00+00:00,5396.15
2025-04-14 15:39:00+00:00,5394.95
2025-04-14 15:40:00+00:00,5391.62
2025-04-14 15:41:00+00:00,5393.56
2025-04-14 15:42:00+00:00,5390.03
2025-04-14 15:43:00+00:00,5391.76
2025-04-14 15:44:00+00:00,5400.16
2025-04-14 15:45:00+00:00,5387.79
2025-04-14 15:46:00+00:00,5382.64
2025-04-14 15:47:00+00:00,5382.51
2025-04-14 15:48:00+00:00,5377.1
2025-04-14 15:49:00+00:00,5376.79
2025-04-14 15:50:00+00:00,5376.5
2025-04-14 15:51:00+00:00,5373.57
2025-04-14 15:52:00+00:00,5371.62
2025-04-14 15:53:00+00:00,5378.78
2025-04-14 15:54:00+00:00,5379.32
2025-04-14 15:55:00+00:00,5383.87
2025-04-14 15:56:00+00:00,5386.28
2025-04-14 15:57:00+00:00,5387.85
2025-04-14 15:58:00+00:00,5382.54
2025-04-14 15:59:00+00:00,5375.98
2025-04-14 16:00:00+00:00,5377.33
2025-04-14 16:01:00+00:00,5383.94
2025-04-14 16:02:00+00:00,5382.05
2025-04-14 16:03:00+00:00,5376.38
2025-04-14 16:04:00+00:00,5382.73
2025-04-14 16:05:00+00:00,5382.66
2025-04-14 16:06:00+00:00,5377.77
2025-04-14 16:07:00+00:00,5378.3
2025-04-14 16:08:00+00:00,5376.6
2025-04-14 16:09:00+00:00,5374.79
2025-04-14 16:10:00+00:00,5371.42
2025-04-14 16:11:00+00:00,5358.68
2025-04-14 16:12:00+00:00,5364.73
2025-04-14 16:13:00+00:00,5370.21
2025-04-14 16:14:00+00:00,5372.9
2025-04-14 16:15:00+00:00,5377.85
2025-04-14 16:16:00+00:00,5378.8
2025-04-14 16:17:00+00:00,5377.68
2025-04-14 16:18:00+00:00,5380.32
2025-04-14 16:19:00+00:00,5388.11
2025-04-14 16:20:00+00:00,5385.51
2025-04-14 16:21:00+00:00,5394.95
2025-04-14 16:22:00+00:00,5388.32
2025-04-14 16:23:00+00:00,5382.24
2025-04-14 16:24:00+00:00,5384.55
2025-04-14 16:25:00+00:00,5383.78
2025-04-14 16:26:00+00:00,5379.58
2025-04-14 16:27:00+00:00,5371.7
2025-04-14 16:28:00+00:00,5375.48
2025-04-14 16:29:00+00:00,5376.91
2025-04-14 16:30:00+00:00,5377.35
2025-04-14 16:31:00+00:00,5384.81
2025-04-14 16:32:00+00:00,5387.55
2025-04-14 16:33:00+00:00,5390.48
2025-04-14 16:34:00+00:00,5393.13
2025-04-14 16:35:00+00:00,5393.87
2025-04-14 16:36:00+00:00,5393.92
2025-04-14 16:37:00+00:00,5393.69
2025-04-14 16:38:00+00:00,5390.46
2025-04-14 16:39:00+00:00,5389.31
2025-04-14 16:40:00+00:00,5390.89
2025-04-14 16:41:00+00:00,5392.95
2025-04-14 16:42:00+00:00,5386.99
2025-04-14 16:43:00+00:00,5391.22
2025-04-14 16:44:00+00:00,5392.85
2025-04-14 16:45:00+00:00,5393.82
2025-04-14 16:46:00+00:00,5393.25
2025-04-14 16:47:00+00:00,5393.84
2025-04-14 16:48:00+00:00,5392.65
2025-04-14 16:49:00+00:00,5389.58
2025-04-14 16:50:00+00:00,5384.24
2025-04-14 16:51:00+00:00,5380.63
2025-04-14 16:52:00+00:00,5377.86
2025-04-14 16:53:00+00:00,5383.49
2025-04-14 16:54:00+00:00,5386.92
2025-04-14 16:55:00+00:00,5385.89
2025-04-14 16:56:00+00:00,5377.22
2025-04-14 16:57:00+00:00,5374.48
2025-04-14 16:58:00+00:00,5372.92
2025-04-14 16:59:00+00:00,5373.74
2025-04-14 17:00:00+00:00,5389.07
2025-04-14 17:01:00+00:00,5386.58
2025-04-14 17:02:00+00:00,5383.22
2025-04-14 17:03:00+00:00,5377.94
2025-04-14 17:04:00+00:00,5381.14
2025-04-14 17:05:00+00:00,5380.76
2025-04-14 17:06:00+00:00,5382.39
2025-04-14 17:07:00+00:00,5381.06
2025-04-14 17:08:00+00:00,5381.95
2025-04-14 17:09:00+00:00,5384.39
2025-04-14 17:10:00+00:00,5381.96
2025-04-14 17:11:00+00:00,5385.45
2025-04-14 17:12:00+00:00,5387.83
2025-04-14 17:13:00+00:00,5388.33
2025-04-14 17:14:00+00:00,5385.33
2025-04-14 17:15:00+00:00,5382.62
2025-04-14 17:16:00+00:00,5379.81
2025-04-14 17:17:00+00:00,5384.51
2025-04-14 17:18:00+00:00,5390.77
2025-04-14 17:19:00+00:00,5392.16
2025-04-14 17:20:00+00:00,5393.38
2025-04-14 17:21:00+00:00,5398.42
2025-04-14 17:22:00+00:00,5399.35
2025-04-14 17:23:00+00:00,5399.97
2025-04-14 17:24:00+00:00,5402.42
2025-04-14 17:25:00+00:00,5398.44
2025-04-14 17:26:00+00:00,5399.09
2025-04-14 17:27:00+00:00,5396.69
2025-04-14 17:28:00+00:00,5394.84
2025-04-14 17:29:00+00:00,5392.42
2025-04-14 17:30:00+00:00,5394.81
2025-04-14 17:31:00+00:00,5385.09
2025-04-14 17:32:00+00:00,5393.67
2025-04-14 17:33:00+00:00,5395.0
2025-04-14 17:34:00+00:00,5392.69
2025-04-14 17:35:00+00:00,5396.47
2025-04-14 17:36:00+00:00,5393.76
2025-04-14 17:37:00+00:00,5397.05
2025-04-14 17:38:00+00:00,5392.92
2025-04-14 17:39:00+00:00,5394.1
2025-04-14 17:40:00+00:00,5390.51
2025-04-14 17:41:00+00:00,5393.46
2025-04-14 17:42:00+00:00,5398.17
2025-04-14 17:43:00+00:00,5396.83
2025-04-14 17:44:00+00:00,5389.44
2025-04-14 17:45:00+00:00,5394.45
2025-04-14 17:46:00+00:00,5390.55
2025-04-14 17:47:00+00:00,5385.86
2025-04-14 17:48:00+00:00,5393.55
2025-04-14 17:49:00+00:00,5395.25
2025-04-14 17:50:00+00:00,5394.53
2025-04-14 17:51:00+00:00,5399.27
2025-04-14 17:52:00+00:00,5401.81
2025-04-14 17:53:00+00:00,5408.92
2025-04-14 17:54:00+00:00,5406.67
2025-04-14 17:55:00+00:00,5407.64
2025-04-14 17:56:00+00:00,5403.81
2025-04-14 17:57:00+00:00,5408.72
2025-04-14 17:58:00+00:00,5409.47
2025-04-14 17:59:00+00:00,5408.09
2025-04-14 18:00:00+00:00,5411.07
2025-04-14 18:01:00+00:00,5411.97
2025-04-14 18:02:00+00:00,5413.33
2025-04-14 18:03:00+00:00,5413.44
2025-04-14 18:04:00+00:00,5413.19
2025-04-14 18:05:00+00:00,5410.29
2025-04-14 18:06:00+00:00,5415.85
2025-04-14 18:07:00+00:00,5413.93
2025-04-14 18:08:00+00:00,5414.78
2025-04-14 18:09:00+00:00,5414.76
2025-04-14 18:10:00+00:00,5413.08
2025-04-14 18:11:00+00:00,5409.82
2025-04-14 18:12:00+00:00,5407.91
2025-04-14 18:13:00+00:00,5411.62
2025-04-14 18:14:00+00:00,5411.38
2025-04-14 18:15:00+00:00,5409.51
2025-04-14 18:16:00+00:00,5413.06
2025-04-14 18:17:00+00:00,5414.34
2025-04-14 18:18:00+00:00,5414.15
2025-04-14 18:19:00+00:00,5414.54
2025-04-14 18:20:00+00:00,5418.47
2025-04-14 18:21:00+00:00,5419.67
2025-04-14 18:22:00+00:00,5421.33
2025-04-14 18:23:00+00:00,5421.18
2025-04-14 18:24:00+00:00,5421.37
2025-04-14 18:25:00+00:00,5419.88
2025-04-14 18:26:00+00:00,5420.32
2025-04-14 18:27:00+00:00,5422.71
2025-04-14 18:28:00+00:00,5422.26
2025-04-14 18:29:00+00:00,5421.9
2025-04-14 18:30:00+00:00,5421.31
2025-04-14 18:31:00+00:00,5424.46
2025-04-14 18:32:00+00:00,5424.8
2025-04-14 18:33:00+00:00,5421.61
2025-04-14 18:34:00+00:00,5423.85
2025-04-14 18:35:00+00:00,5425.16
2025-04-14 18:36:00+00:00,5423.04
2025-04-14 18:37:00+00:00,5426.17
2025-04-14 18:38:00+00:00,5425.27
2025-04-14 18:39:00+00:00,5425.15
2025-04-14 18:40:00+00:00,5425.34
2025-04-14 18:41:00+00:00,5427.05
2025-04-14 18:42:00+00:00,5426.74
2025-04-14 18:43:00+00:00,5429.36
2025-04-14 18:44:00+00:00,5430.54
2025-04-14 18:45:00+00:00,5428.09
2025-04-14 18:46:00+00:00,5427.11
2025-04-14 18:47:00+00:00,5426.39
2025-04-14 18:48:00+00:00,5425.68
2025-04-14 18:49:00+00:00,5426.98
2025-04-14 18:50:00+00:00,5428.2
2025-04-14 18:51:00+00:00,5425.35
2025-04-14 18:52:00+00:00,5426.83
2025-04-14 18:53:00+00:00,5426.27
2025-04-14 18:54:00+00:00,5426.11
2025-04-14 18:55:00+00:00,5426.02
2025-04-14 18:56:00+00:00,5427.3
2025-04-14 18:57:00+00:00,5424.12
2025-04-14 18:58:00+00:00,5427.68
2025-04-14 18:59:00+00:00,5425.4
2025-04-14 19:00:00+00:00,5429.7
2025-04-14 19:01:00+00:00,5428.76
2025-04-14 19:02:00+00:00,5428.28
2025-04-14 19:03:00+00:00,5430.74
2025-04-14 19:04:00+00:00,5431.95
2025-04-14 19:05:00+00:00,5432.86
2025-04-14 19:06:00+00:00,5433.88
2025-04-14 19:07:00+00:00,5437.57
2025-04-14 19:08:00+00:00,5439.19
2025-04-14 19:09:00+00:00,5439.54
2025-04-14 19:10:00+00:00,5436.73
2025-04-14 19:11:00+00:00,5439.62
2025-04-14 19:12:00+00:00,5440.65
2025-04-14 19:13:00+00:00,5442.84
2025-04-14 19:14:00+00:00,5442.63
2025-04-14 19:15:00+00:00,5437.93
2025-04-14 19:16:00+00:00,5434.43
2025-04-14 19:17:00+00:00,5438.38
2025-04-14 19:18:00+00:00,5434.83
2025-04-14 19:19:00+00:00,5434.44
2025-04-14 19:20:00+00:00,5433.5
2025-04-14 19:21:00+00:00,5436.57
2025-04-14 19:22:00+00:00,5433.26
2025-04-14 19:23:00+00:00,5435.92
2025-04-14 19:24:00+00:00,5437.43
2025-04-14 19:25:00+00:00,5434.64
2025-04-14 19:26:00+00:00,5429.93
2025-04-14 19:27:00+00:00,5433.23
2025-04-14 19:28:00+00:00,5435.2
2025-04-14 19:29:00+00:00,5431.9
2025-04-14 19:30:00+00:00,5431.06
2025-04-14 19:31:00+00:00,5429.19
2025-04-14 19:32:00+00:00,5427.43
2025-04-14 19:33:00+00:00,5431.79
2025-04-14 19:34:00+00:00,5432.55
2025-04-14 19:35:00+00:00,5429.57
2025-04-14 19:36:00+00:00,5432.73
2025-04-14 19:37:00+00:00,5430.32
2025-04-14 19:38:00+00:00,5430.92
2025-04-14 19:39:00+00:00,5431.11
2025-04-14 19:40:00+00:00,5436.64
2025-04-14 19:41:00+00:00,5436.83
2025-04-14 19:42:00+00:00,5437.73
2025-04-14 19:43:00+00:00,5437.99
2025-04-14 19:44:00+00:00,5435.31
2025-04-14 19:45:00+00:00,5434.75
2025-04-14 19:46:00+00:00,5435.13
2025-04-14 19:47:00+00:00,5429.71
2025-04-14 19:48:00+00:00,5427.38
2025-04-14 19:49:00+00:00,5427.4
2025-04-14 19:50:00+00:00,5414.05
2025-04-14 19:51:00+00:00,5422.32
2025-04-14 19:52:00+00:00,5418.18
2025-04-14 19:53:00+00:00,5417.87
2025-04-14 19:54:00+00:00,5416.51
2025-04-14 19:55:00+00:00,5406.7
2025-04-14 19:56:00+00:00,5406.19
2025-04-14 19:57:00+00:00,5403.52
2025-04-14 19:58:00+00:00,5403.84
2025-04-14 19:59:00+00:00,5405.56
2025-04-15 13:30:00+00:00,5414.7
2025-04-15 13:31:00+00:00,5417.78
2025-04-15 13:32:00+00:00,5423.48
2025-04-15 13:33:00+00:00,5415.91
2025-04-15 13:34:00+00:00,5420.26
2025-04-15 13:35:00+00:00,5415.93
2025-04-15 13:36:00+00:00,5417.33
2025-04-15 13:37:00+00:00,5423.12
2025-04-15 13:38:00+00:00,5425.83
2025-04-15 13:39:00+00:00,5431.72
2025-04-15 13:40:00+00:00,5432.09
2025-04-15 13:41:00+00:00,5432.36
2025-04-15 13:42:00+00:00,5438.48
2025-04-15 13:43:00+00:00,5433.38
2025-04-15 13:44:00+00:00,5434.65
2025-04-15 13:45:00+00:00,5431.19
2025-04-15 13:46:00+00:00,5434.29
2025-04-15 13:49:00+00:00,5439.82
2025-04-15 13:50:00+00:00,5439.95
2025-04-15 13:51:00+00:00,5443.29
2025-04-15 13:52:00+00:00,5442.46
2025-04-15 13:53:00+00:00,5443.6
2025-04-15 13:54:00+00:00,5442.8
2025-04-15 13:55:00+00:00,5444.7
2025-04-15 13:56:00+00:00,5440.09
2025-04-15 13:57:00+00:00,5437.07
2025-04-15 13:58:00+00:00,5437.42
2025-04-15 13:59:00+00:00,5433.91
2025-04-15 14:00:00+00:00,5435.21
2025-04-15 14:01:00+00:00,5436.21
2025-04-15 14:02:00+00:00,5437.14
2025-04-15 14:03:00+00:00,5439.9
2025-04-15 14:04:00+00:00,5437.13
2025-04-15 14:05:00+00:00,5440.5
2025-04-15 14:06:00+00:00,5441.18
2025-04-15 14:07:00+00:00,5442.4
2025-04-15 14:08:00+00:00,5441.54
2025-04-15 14:09:00+00:00,5437.04
2025-04-15 14:10:00+00:00,5442.28
2025-04-15 14:11:00+00:00,5446.0
2025-04-15 14:12:00+00:00,5448.33
2025-04-15 14:13:00+00:00,5445.15
2025-04-15 14:14:00+00:00,5437.08
2025-04-15 14:15:00+00:00,5440.4
2025-04-15 14:16:00+00:00,5438.93
2025-04-15 14:17:00+00:00,5428.79
2025-04-15 14:18:00+00:00,5421.82
2025-04-15 14:19:00+00:00,5411.98
2025-04-15 14:20:00+00:00,5410.77
2025-04-15 14:21:00+00:00,5417.9
2025-04-15 14:22:00+00:00,5422.75
2025-04-15 14:23:00+00:00,5416.45
2025-04-15 14:24:00+00:00,5414.01
2025-04-15 14:25:00+00:00,5411.5
2025-04-15 14:26:00+00:00,5406.65
2025-04-15 14:27:00+00:00,5409.48
2025-04-15 14:28:00+00:00,5415.76
2025-04-15 14:29:00+00:00,5412.69
2025-04-15 14:30:00+00:00,5419.64
2025-04-15 14:31:00+00:00,5417.33
2025-04-15 14:32:00+00:00,5421.21
2025-04-15 14:33:00+00:00,5425.23
2025-04-15 14:34:00+00:00,5425.71
2025-04-15 14:35:00+00:00,5421.19
2025-04-15 14:36:00+00:00,5425.38
2025-04-15 14:37:00+00:00,5419.5
2025-04-15 14:38:00+00:00,5419.4
2025-04-15 14:39:00+00:00,5417.09
2025-04-15 14:40:00+00:00,5417.73
2025-04-15 14:41:00+00:00,5421.3
2025-04-15 14:42:00+00:00,5425.34
2025-04-15 14:43:00+00:00,5433.25
2025-04-15 14:44:00+00:00,5434.28
2025-04-15 14:45:00+00:00,5434.52
2025-04-15 14:46:00+00:00,5425.99
2025-04-15 14:47:00+00:00,5424.44
2025-04-15 14:48:00+00:00,5422.35
2025-04-15 14:49:00+00:00,5425.24
2025-04-15 14:50:00+00:00,5417.21
2025-04-15 14:51:00+00:00,5424.02
2025-04-15 14:52:00+00:00,5423.28
2025-04-15 14:53:00+00:00,5425.56
2025-04-15 14:54:00+00:00,5427.34
2025-04-15 14:55:00+00:00,5429.67
2025-04-15 14:56:00+00:00,5430.18
2025-04-15 14:57:00+00:00,5431.95
2025-04-15 14:58:00+00:00,5427.66
2025-04-15 14:59:00+00:00,5424.04
2025-04-15 15:00:00+00:00,5429.84
2025-04-15 15:01:00+00:00,5430.32
2025-04-15 15:02:00+00:00,5429.83
2025-04-15 15:03:00+00:00,5429.61
2025-04-15 15:04:00+00:00,5431.9
2025-04-15 15:05:00+00:00,5432.21
2025-04-15 15:06:00+00:00,5426.95
2025-04-15 15:07:00+00:00,5423.18
2025-04-15 15:09:00+00:00,5426.46
2025-04-15 15:10:00+00:00,5428.56
2025-04-15 15:11:00+00:00,5424.15
2025-04-15 15:12:00+00:00,5431.25
2025-04-15 15:13:00+00:00,5429.1
2025-04-15 15:14:00+00:00,5432.63
2025-04-15 15:15:00+00:00,5433.35
2025-04-15 15:16:00+00:00,5434.5
2025-04-15 15:17:00+00:00,5434.29
2025-04-15 15:18:00+00:00,5433.74
2025-04-15 15:19:00+00:00,5433.15
2025-04-15 15:20:00+00:00,5436.41
2025-04-15 15:21:00+00:00,5435.58
2025-04-15 15:22:00+00:00,5435.26
2025-04-15 15:23:00+00:00,5432.72
2025-04-15 15:24:00+00:00,5435.12
2025-04-15 15:25:00+00:00,5426.85
2025-04-15 15:26:00+00:00,5425.02
2025-04-15 15:27:00+00:00,5424.11
2025-04-15 15:28:00+00:00,5422.99
2025-04-15 15:29:00+00:00,5419.96
2025-04-15 15:30:00+00:00,5424.25
2025-04-15 15:31:00+00:00,5431.13
2025-04-15 15:32:00+00:00,5428.33
2025-04-15 15:33:00+00:00,5426.9
2025-04-15 15:34:00+00:00,5424.04
2025-04-15 15:35:00+00:00,5426.59
2025-04-15 15:36:00+00:00,5420.32
2025-04-15 15:37:00+00:00,5418.71
2025-04-15 15:38:00+00:00,5417.09
2025-04-15 15:39:00+00:00,5421.24
2025-04-15 15:40:00+00:00,5420.95
2025-04-15 15:41:00+00:00,5421.48
2025-04-15 15:42:00+00:00,5419.85
2025-04-15 15:43:00+00:00,5422.19
2025-04-15 15:44:00+00:00,5421.75
2025-04-15 15:45:00+00:00,5424.89
2025-04-15 15:46:00+00:00,5421.08
2025-04-15 15:47:00+00:00,5418.25
2025-04-15 15:48:00+00:00,5414.92
2025-04-15 15:49:00+00:00,5417.02
2025-04-15 15:50:00+00:00,5416.23
2025-04-15 15:51:00+00:00,5413.25
2025-04-15 15:52:00+00:00,5424.4
2025-04-15 15:53:00+00:00,5428.25
2025-04-15 15:54:00+00:00,5426.24
2025-04-15 15:55:00+00:00,5424.33
2025-04-15 15:56:00+00:00,5421.51
2025-04-15 15:57:00+00:00,5426.41
2025-04-15 15:58:00+00:00,5426.54
2025-04-15 15:59:00+00:00,5427.51
2025-04-15 16:00:00+00:00,5427.65
2025-04-15 16:01:00+00:00,5432.29
2025-04-15 16:02:00+00:00,5432.14
2025-04-15 16:03:00+00:00,5432.42
2025-04-15 16:04:00+00:00,5431.07
2025-04-15 16:05:00+00:00,5430.74
2025-04-15 16:06:00+00:00,5432.18
2025-04-15 16:07:00+00:00,5425.85
2025-04-15 16:08:00+00:00,5424.46
2025-04-15 16:09:00+00:00,5425.7
2025-04-15 16:10:00+00:00,5427.26
2025-04-15 16:11:00+00:00,5427.96
2025-04-15 16:12:00+00:00,5426.88
2025-04-15 16:13:00+00:00,5424.39
2025-04-15 16:14:00+00:00,5426.4
2025-04-15 16:15:00+00:00,5427.93
2025-04-15 16:16:00+00:00,5428.99
2025-04-15 16:17:00+00:00,5425.13
2025-04-15 16:18:00+00:00,5423.13
2025-04-15 16:19:00+00:00,5424.74
2025-04-15 16:20:00+00:00,5424.89
2025-04-15 16:21:00+00:00,5424.08
2025-04-15 16:22:00+00:00,5428.74
2025-04-15 16:23:00+00:00,5431.08
2025-04-15 16:24:00+00:00,5430.35
2025-04-15 16:25:00+00:00,5432.99
2025-04-15 16:26:00+00:00,5432.61
2025-04-15 16:27:00+00:00,5432.25
2025-04-15 16:28:00+00:00,5428.85
2025-04-15 16:29:00+00:00,5428.09
2025-04-15 16:30:00+00:00,5431.09
2025-04-15 16:31:00+00:00,5429.04
2025-04-15 16:32:00+00:00,5431.05
2025-04-15 16:33:00+00:00,5427.3
2025-04-15 16:34:00+00:00,5425.86
2025-04-15 16:35:00+00:00,5426.27
2025-04-15 16:36:00+00:00,5425.72
2025-04-15 16:37:00+00:00,5424.39
2025-04-15 16:38:00+00:00,5423.2
2025-04-15 16:39:00+00:00,5420.92
2025-04-15 16:40:00+00:00,5421.91
2025-04-15 16:41:00+00:00,5418.42
2025-04-15 16:42:00+00:00,5420.7
2025-04-15 16:43:00+00:00,5421.84
2025-04-15 16:44:00+00:00,5424.9
2025-04-15 16:45:00+00:00,5426.37
2025-04-15 16:46:00+00:00,5427.08
2025-04-15 16:47:00+00:00,5428.47
2025-04-15 16:48:00+00:00,5424.54
2025-04-15 16:49:00+00:00,5424.37
2025-04-15 16:50:00+00:00,5421.98
2025-04-15 16:51:00+00:00,5420.89
2025-04-15 16:52:00+00:00,5417.31
2025-04-15 16:53:00+00:00,5415.83
2025-04-15 16:54:00+00:00,5412.98
2025-04-15 16:55:00+00:00,5407.92
2025-04-15 16:56:00+00:00,5409.3
2025-04-15 16:57:00+00:00,5403.5
2025-04-15 16:58:00+00:00,5406.59
2025-04-15 16:59:00+00:00,5407.99
2025-04-15 17:00:00+00:00,5403.37
2025-04-15 17:01:00+00:00,5408.4
2025-04-15 17:02:00+00:00,5408.36
2025-04-15 17:03:00+00:00,5413.32
2025-04-15 17:04:00+00:00,5413.75
2025-04-15 17:05:00+00:00,5414.4
2025-04-15 17:06:00+00:00,5415.25
2025-04-15 17:07:00+00:00,5414.68
2025-04-15 17:08:00+00:00,5412.67
2025-04-15 17:09:00+00:00,5409.91
2025-04-15 17:10:00+00:00,5410.36
2025-04-15 17:11:00+00:00,5411.08
2025-04-15 17:12:00+00:00,5408.29
2025-04-15 17:13:00+00:00,5411.51
2025-04-15 17:14:00+00:00,5411.56
2025-04-15 17:15:00+00:00,5409.0
2025-04-15 17:16:00+00:00,5404.46
2025-04-15 17:17:00+00:00,5401.73
2025-04-15 17:18:00+00:00,5406.01
2025-04-15 17:19:00+00:00,5404.24
2025-04-15 17:20:00+00:00,5404.43
2025-04-15 17:21:00+00:00,5402.71
2025-04-15 17:22:00+00:00,5398.6
2025-04-15 17:23:00+00:00,5395.82
2025-04-15 17:24:00+00:00,5397.9
2025-04-15 17:25:00+00:00,5393.45
2025-04-15 17:26:00+00:00,5397.79
2025-04-15 17:27:00+00:00,5396.81
2025-04-15 17:28:00+00:00,5397.49
2025-04-15 17:29:00+00:00,5395.76
2025-04-15 17:30:00+00:00,5403.19
2025-04-15 17:31:00+00:00,5402.0
2025-04-15 17:32:00+00:00,5399.8
2025-04-15 17:33:00+00:00,5398.97
2025-04-15 17:34:00+00:00,5398.6
2025-04-15 17:35:00+00:00,5398.04
2025-04-15 17:36:00+00:00,5398.9
2025-04-15 17:37:00+00:00,5402.71
2025-04-15 17:38:00+00:00,5403.4
2025-04-15 17:39:00+00:00,5404.57
2025-04-15 17:40:00+00:00,5408.96
2025-04-15 17:41:00+00:00,5405.86
2025-04-15 17:42:00+00:00,5405.66
2025-04-15 17:43:00+00:00,5406.98
2025-04-15 17:44:00+00:00,5406.77
2025-04-15 17:45:00+00:00,5403.57
2025-04-15 17:46:00+00:00,5405.96
2025-04-15 17:47:00+00:00,5405.54
2025-04-15 17:48:00+00:00,5406.97
2025-04-15 17:49:00+00:00,5407.34
2025-04-15 17:50:00+00:00,5406.06
2025-04-15 17:51:00+00:00,5402.69
2025-04-15 17:52:00+00:00,5400.08
2025-04-15 17:53:00+00:00,5393.46
2025-04-15 17:54:00+00:00,5393.71
2025-04-15 17:55:00+00:00,5395.01
2025-04-15 17:56:00+00:00,5396.31
2025-04-15 17:57:00+00:00,5398.21
2025-04-15 17:58:00+00:00,5402.39
2025-04-15 17:59:00+00:00,5401.3
2025-04-15 18:00:00+00:00,5404.09
2025-04-15 18:01:00+00:00,5399.34
2025-04-15 18:02:00+00:00,5398.59
2025-04-15 18:03:00+00:00,5397.2
2025-04-15 18:04:00+00:00,5398.45
2025-04-15 18:05:00+00:00,5394.52
2025-04-15 18:06:00+00:00,5395.65
2025-04-15 18:07:00+00:00,5398.0
2025-04-15 18:08:00+00:00,5396.95
2025-04-15 18:09:00+00:00,5398.23
2025-04-15 18:10:00+00:00,5396.7
2025-04-15 18:11:00+00:00,5395.88
2025-04-15 18:12:00+00:00,5394.33
2025-04-15 18:13:00+00:00,5392.35
2025-04-15 18:14:00+00:00,5390.95
2025-04-15 18:15:00+00:00,5387.42
2025-04-15 18:16:00+00:00,5390.93
2025-04-15 18:17:00+00:00,5389.75
2025-04-15 18:18:00+00:00,5391.11
2025-04-15 18:19:00+00:00,5388.47
2025-04-15 18:20:00+00:00,5386.92
2025-04-15 18:21:00+00:00,5387.78
2025-04-15 18:22:00+00:00,5392.74
2025-04-15 18:23:00+00:00,5391.57
2025-04-15 18:24:00+00:00,5391.28
2025-04-15 18:25:00+00:00,5396.04
2025-04-15 18:26:00+00:00,5395.78
2025-04-15 18:27:00+00:00,5391.08
2025-04-15 18:28:00+00:00,5392.01
2025-04-15 18:29:00+00:00,5392.48
2025-04-15 18:30:00+00:00,5393.42
2025-04-15 18:31:00+00:00,5396.61
2025-04-15 18:32:00+00:00,5398.03
2025-04-15 18:33:00+00:00,5398.33
2025-04-15 18:34:00+00:00,5399.67
2025-04-15 18:35:00+00:00,5398.79
2025-04-15 18:36:00+00:00,5400.35
2025-04-15 18:37:00+00:00,5396.3
2025-04-15 18:38:00+00:00,5395.58
2025-04-15 18:39:00+00:00,5396.95
2025-04-15 18:40:00+00:00,5396.47
2025-04-15 18:41:00+00:00,5400.79
2025-04-15 18:42:00+00:00,5399.84
2025-04-15 18:43:00+00:00,5399.55
2025-04-15 18:44:00+00:00,5404.27
2025-04-15 18:45:00+00:00,5406.5
2025-04-15 18:46:00+00:00,5405.7
2025-04-15 18:47:00+00:00,5404.44
2025-04-15 18:48:00+00:00,5402.36
2025-04-15 18:49:00+00:00,5402.03
2025-04-15 18:50:00+00:00,5402.47
2025-04-15 18:51:00+00:00,5402.59
2025-04-15 18:52:00+00:00,5398.41
2025-04-15 18:53:00+00:00,5402.19
2025-04-15 18:54:00+00:00,5402.74
2025-04-15 18:55:00+00:00,5403.76
2025-04-15 18:56:00+00:00,5403.8
2025-04-15 18:57:00+00:00,5405.99
2025-04-15 18:58:00+00:00,5406.92
2025-04-15 18:59:00+00:00,5404.85
2025-04-15 19:00:00+00:00,5404.96
2025-04-15 19:01:00+00:00,5400.91
2025-04-15 19:02:00+00:00,5400.76
2025-04-15 19:03:00+00:00,5399.4
2025-04-15 19:04:00+00:00,5402.67
2025-04-15 19:05:00+00:00,5402.55
2025-04-15 19:06:00+00:00,5403.64
2025-04-15 19:07:00+00:00,5402.05
2025-04-15 19:08:00+00:00,5402.43
2025-04-15 19:09:00+00:00,5401.35
2025-04-15 19:10:00+00:00,5403.11
2025-04-15 19:11:00+00:00,5400.57
2025-04-15 19:12:00+00:00,5401.68
2025-04-15 19:13:00+00:00,5405.98
2025-04-15 19:14:00+00:00,5407.73
2025-04-15 19:15:00+00:00,5408.73
2025-04-15 19:16:00+00:00,5408.13
2025-04-15 19:17:00+00:00,5409.41
2025-04-15 19:18:00+00:00,5409.35
2025-04-15 19:19:00+00:00,5409.48
2025-04-15 19:20:00+00:00,5406.45
2025-04-15 19:21:00+00:00,5408.63
2025-04-15 19:22:00+00:00,5409.69
2025-04-15 19:23:00+00:00,5404.47
2025-04-15 19:24:00+00:00,5403.15
2025-04-15 19:25:00+00:00,5399.59
2025-04-15 19:26:00+00:00,5399.22
2025-04-15 19:27:00+00:00,5398.22
2025-04-15 19:28:00+00:00,5399.06
2025-04-15 19:29:00+00:00,5401.38
2025-04-15 19:30:00+00:00,5403.01
2025-04-15 19:31:00+00:00,5400.04
2025-04-15 19:32:00+00:00,5402.8
2025-04-15 19:33:00+00:00,5401.8
2025-04-15 19:34:00+00:00,5400.76
2025-04-15 19:35:00+00:00,5401.73
2025-04-15 19:36:00+00:00,5400.81
2025-04-15 19:46:00+00:00,5393.4
2025-04-15 19:47:00+00:00,5392.79
2025-04-15 19:48:00+00:00,5391.76
2025-04-15 19:49:00+00:00,5394.89
2025-04-15 19:50:00+00:00,5399.58
2025-04-15 19:51:00+00:00,5399.81
2025-04-15 19:52:00+00:00,5401.91
2025-04-15 19:53:00+00:00,5402.48
2025-04-15 19:54:00+00:00,5401.1
2025-04-15 19:55:00+00:00,5397.45
2025-04-15 19:56:00+00:00,5399.0
2025-04-15 19:57:00+00:00,5397.8
2025-04-15 19:58:00+00:00,5397.18
2025-04-15 19:59:00+00:00,5396.7
2025-04-16 13:30:00+00:00,5342.42
2025-04-16 13:31:00+00:00,5346.79
2025-04-16 13:32:00+00:00,5348.47
2025-04-16 13:33:00+00:00,5345.12
2025-04-16 13:34:00+00:00,5347.63
2025-04-16 13:35:00+00:00,5346.72
2025-04-16 13:36:00+00:00,5351.04
2025-04-16 13:37:00+00:00,5352.38
2025-04-16 13:38:00+00:00,5352.01
2025-04-16 13:39:00+00:00,5349.68
2025-04-16 13:40:00+00:00,5345.82
2025-04-16 13:41:00+00:00,5348.6
2025-04-16 13:42:00+00:00,5351.32
2025-04-16 13:43:00+00:00,5344.75
2025-04-16 13:44:00+00:00,5343.87
2025-04-16 13:45:00+00:00,5338.44
2025-04-16 13:46:00+00:00,5337.58
2025-04-16 13:47:00+00:00,5336.85
2025-04-16 13:48:00+00:00,5339.05
2025-04-16 13:49:00+00:00,5335.41
2025-04-16 13:50:00+00:00,5334.57
2025-04-16 13:51:00+00:00,5329.89
2025-04-16 13:52:00+00:00,5327.38
2025-04-16 13:53:00+00:00,5324.51
2025-04-16 13:54:00+00:00,5322.63
2025-04-16 13:55:00+00:00,5320.31
2025-04-16 13:56:00+00:00,5323.68
2025-04-16 13:57:00+00:00,5327.17
2025-04-16 13:58:00+00:00,5321.96
2025-04-16 13:59:00+00:00,5316.86
2025-04-16 14:00:00+00:00,5318.99
2025-04-16 14:01:00+00:00,5316.71
2025-04-16 14:02:00+00:00,5319.71
2025-04-16 14:03:00+00:00,5321.38
2025-04-16 14:04:00+00:00,5321.64
2025-04-16 14:05:00+00:00,5327.37
2025-04-16 14:06:00+00:00,5327.82
2025-04-16 14:07:00+00:00,5330.8
2025-04-16 14:08:00+00:00,5330.07
2025-04-16 14:09:00+00:00,5330.26
2025-04-16 14:10:00+00:00,5330.96
2025-04-16 14:11:00+00:00,5327.75
2025-04-16 14:12:00+00:00,5327.54
2025-04-16 14:13:00+00:00,5324.63
2025-04-16 14:14:00+00:00,5320.23
2025-04-16 14:15:00+00:00,5320.02
2025-04-16 14:16:00+00:00,5320.26
2025-04-16 14:17:00+00:00,5318.63
2025-04-16 14:18:00+00:00,5319.15
2025-04-16 14:19:00+00:00,5322.58
2025-04-16 14:20:00+00:00,5324.68
2025-04-16 14:21:00+00:00,5328.12
2025-04-16 14:22:00+00:00,5328.85
2025-04-16 14:23:00+00:00,5328.78
2025-04-16 14:24:00+00:00,5332.67
2025-04-16 14:25:00+00:00,5337.24
2025-04-16 14:26:00+00:00,5333.14
2025-04-16 14:27:00+00:00,5333.64
2025-04-16 14:28:00+00:00,5335.14
2025-04-16 14:29:00+00:00,5335.48
2025-04-16 14:30:00+00:00,5335.01
2025-04-16 14:31:00+00:00,5333.34
2025-04-16 14:32:00+00:00,5336.3
2025-04-16 14:33:00+00:00,5337.09
2025-04-16 14:34:00+00:00,5338.37
2025-04-16 14:35:00+00:00,5338.81
2025-04-16 14:36:00+00:00,5333.3
2025-04-16 14:37:00+00:00,5334.81
2025-04-16 14:38:00+00:00,5335.32
2025-04-16 14:39:00+00:00,5338.01
2025-04-16 14:40:00+00:00,5339.11
2025-04-16 14:41:00+00:00,5341.15
2025-04-16 14:42:00+00:00,5342.06
2025-04-16 14:43:00+00:00,5345.52
2025-04-16 14:44:00+00:00,5344.73
2025-04-16 14:45:00+00:00,5343.39
2025-04-16 14:46:00+00:00,5341.7
2025-04-16 14:47:00+00:00,5339.97
2025-04-16 14:48:00+00:00,5338.38
2025-04-16 14:49:00+00:00,5338.56
2025-04-16 14:50:00+00:00,5339.09
2025-04-16 14:51:00+00:00,5340.89
2025-04-16 14:52:00+00:00,5342.57
2025-04-16 14:53:00+00:00,5341.12
2025-04-16 14:54:00+00:00,5338.9
2025-04-16 14:55:00+00:00,5339.17
2025-04-16 14:56:00+00:00,5333.57
2025-04-16 14:57:00+00:00,5337.26
2025-04-16 14:58:00+00:00,5339.95
2025-04-16 14:59:00+00:00,5340.41
2025-04-16 15:00:00+00:00,5343.84
2025-04-16 15:01:00+00:00,5341.29
2025-04-16 15:02:00+00:00,5339.62
2025-04-16 15:03:00+00:00,5340.76
2025-04-16 15:04:00+00:00,5338.73
2025-04-16 15:05:00+00:00,5337.53
2025-04-16 15:06:00+00:00,5337.1
2025-04-16 15:07:00+00:00,5342.32
2025-04-16 15:08:00+00:00,5344.17
2025-04-16 15:09:00+00:00,5344.81
2025-04-16 15:10:00+00:00,5343.89
2025-04-16 15:11:00+00:00,5346.29
2025-04-16 15:12:00+00:00,5347.31
2025-04-16 15:13:00+00:00,5346.21
2025-04-16 15:14:00+00:00,5344.82
2025-04-16 15:15:00+00:00,5340.4
2025-04-16 15:16:00+00:00,5340.3
2025-04-16 15:17:00+00:00,5342.72
2025-04-16 15:18:00+00:00,5343.78
2025-04-16 15:19:00+00:00,5342.87
2025-04-16 15:20:00+00:00,5342.89
2025-04-16 15:21:00+00:00,5344.17
2025-04-16 15:22:00+00:00,5351.8
2025-04-16 15:23:00+00:00,5354.32
2025-04-16 15:24:00+00:00,5361.53
2025-04-16 15:25:00+00:00,5366.13
2025-04-16 15:26:00+00:00,5364.11
2025-04-16 15:27:00+00:00,5362.45
2025-04-16 15:28:00+00:00,5363.16
2025-04-16 15:29:00+00:00,5363.75
2025-04-16 15:30:00+00:00,5358.41
2025-04-16 15:31:00+00:00,5357.7
2025-04-16 15:32:00+00:00,5359.48
2025-04-16 15:33:00+00:00,5360.66
2025-04-16 15:36:00+00:00,5358.3
2025-04-16 15:37:00+00:00,5357.54
2025-04-16 15:38:00+00:00,5355.97
2025-04-16 15:39:00+00:00,5356.92
2025-04-16 15:40:00+00:00,5353.55
2025-04-16 15:41:00+00:00,5353.14
2025-04-16 15:42:00+00:00,5351.41
2025-04-16 15:43:00+00:00,5352.38
2025-04-16 15:44:00+00:00,5350.14
2025-04-16 15:45:00+00:00,5347.49
2025-04-16 15:46:00+00:00,5348.34
2025-04-16 15:47:00+00:00,5346.89
2025-04-16 15:48:00+00:00,5345.59
2025-04-16 15:49:00+00:00,5344.19
2025-04-16 15:50:00+00:00,5342.7
2025-04-16 15:51:00+00:00,5344.09
2025-04-16 15:52:00+00:00,5342.04
2025-04-16 15:53:00+00:00,5341.86
2025-04-16 15:54:00+00:00,5339.15
2025-04-16 15:55:00+00:00,5340.02
2025-04-16 15:56:00+00:00,5339.71
2025-04-16 15:57:00+00:00,5340.08
2025-04-16 15:58:00+00:00,5336.46
2025-04-16 15:59:00+00:00,5334.33
2025-04-16 16:00:00+00:00,5334.63
2025-04-16 16:01:00+00:00,5334.31
2025-04-16 16:02:00+00:00,5332.88
2025-04-16 16:03:00+00:00,5334.32
2025-04-16 16:04:00+00:00,5335.64
2025-04-16 16:05:00+00:00,5329.84
2025-04-16 16:06:00+00:00,5326.41
2025-04-16 16:07:00+00:00,5329.06
2025-04-16 16:08:00+00:00,5330.53
2025-04-16 16:09:00+00:00,5332.12
2025-04-16 16:10:00+00:00,5333.72
2025-04-16 16:11:00+00:00,5334.65
2025-04-16 16:12:00+00:00,5331.3
2025-04-16 16:13:00+00:00,5330.61
2025-04-16 16:14:00+00:00,5332.98
2025-04-16 16:15:00+00:00,5334.62
2025-04-16 16:16:00+00:00,5330.8
2025-04-16 16:17:00+00:00,5330.54
2025-04-16 16:18:00+00:00,5330.52
2025-04-16 16:19:00+00:00,5331.66
2025-04-16 16:20:00+00:00,5330.01
2025-04-16 16:21:00+00:00,5328.56
2025-04-16 16:22:00+00:00,5329.12
2025-04-16 16:23:00+00:00,5328.32
2025-04-16 16:24:00+00:00,5332.74
2025-04-16 16:25:00+00:00,5334.69
2025-04-16 16:26:00+00:00,5334.97
2025-04-16 16:27:00+00:00,5331.52
2025-04-16 16:28:00+00:00,5332.12
2025-04-16 16:29:00+00:00,5332.26
2025-04-16 16:30:00+00:00,5331.61
2025-04-16 16:31:00+00:00,5334.99
2025-04-16 16:32:00+00:00,5332.97
2025-04-16 16:33:00+00:00,5333.83
2025-04-16 16:34:00+00:00,5337.37
2025-04-16 16:35:00+00:00,5332.15
2025-04-16 16:36:00+00:00,5329.87
2025-04-16 16:37:00+00:00,5328.32
2025-04-16 16:38:00+00:00,5327.41
2025-04-16 16:39:00+00:00,5327.56
2025-04-16 16:40:00+00:00,5323.52
2025-04-16 16:41:00+00:00,5328.32
2025-04-16 16:42:00+00:00,5329.93
2025-04-16 16:43:00+00:00,5331.37
2025-04-16 16:44:00+00:00,5332.7
2025-04-16 16:45:00+00:00,5329.0
2025-04-16 16:46:00+00:00,5327.09
2025-04-16 16:47:00+00:00,5327.8
2025-04-16 16:48:00+00:00,5327.4
2025-04-16 16:49:00+00:00,5327.97
2025-04-16 16:50:00+00:00,5325.65
2025-04-16 16:51:00+00:00,5327.29
2025-04-16 16:52:00+00:00,5325.2
2025-04-16 16:53:00+00:00,5328.69
2025-04-16 16:54:00+00:00,5328.29
2025-04-16 16:55:00+00:00,5329.52
2025-04-16 16:56:00+00:00,5327.7
2025-04-16 16:57:00+00:00,5326.59
2025-04-16 16:58:00+00:00,5327.06
2025-04-16 16:59:00+00:00,5326.55
2025-04-16 17:00:00+00:00,5326.75
2025-04-16 17:01:00+00:00,5328.12
2025-04-16 17:02:00+00:00,5327.37
2025-04-16 17:03:00+00:00,5327.78
2025-04-16 17:04:00+00:00,5324.08
2025-04-16 17:05:00+00:00,5324.94
2025-04-16 17:06:00+00:00,5327.65
2025-04-16 17:07:00+00:00,5328.18
2025-04-16 17:08:00+00:00,5326.03
2025-04-16 17:09:00+00:00,5323.66
2025-04-16 17:10:00+00:00,5322.37
2025-04-16 17:11:00+00:00,5321.37
2025-04-16 17:12:00+00:00,5320.69
2025-04-16 17:13:00+00:00,5322.99
2025-04-16 17:14:00+00:00,5323.48
2025-04-16 17:15:00+00:00,5326.81
2025-04-16 17:16:00+00:00,5328.21
2025-04-16 17:17:00+00:00,5329.27
2025-04-16 17:18:00+00:00,5331.08
2025-04-16 17:19:00+00:00,5331.44
2025-04-16 17:20:00+00:00,5330.44
2025-04-16 17:21:00+00:00,5333.46
2025-04-16 17:22:00+00:00,5334.19
2025-04-16 17:23:00+00:00,5325.94
2025-04-16 17:24:00+00:00,5326.13
2025-04-16 17:25:00+00:00,5326.2
2025-04-16 17:26:00+00:00,5327.21
2025-04-16 17:27:00+00:00,5329.41
2025-04-16 17:28:00+00:00,5331.54
2025-04-16 17:29:00+00:00,5332.91
2025-04-16 17:30:00+00:00,5323.16
2025-04-16 17:31:00+00:00,5305.09
2025-04-16 17:32:00+00:00,5310.46
2025-04-16 17:33:00+00:00,5306.92
2025-04-16 17:34:00+00:00,5303.24
2025-04-16 17:35:00+00:00,5305.06
2025-04-16 17:36:00+00:00,5304.75
2025-04-16 17:37:00+00:00,5309.53
2025-04-16 17:38:00+00:00,5305.9
2025-04-16 17:39:00+00:00,5299.65
2025-04-16 17:40:00+00:00,5292.47
2025-04-16 17:41:00+00:00,5287.99
2025-04-16 17:42:00+00:00,5294.53
2025-04-16 17:43:00+00:00,5292.5
2025-04-16 17:44:00+00:00,5290.48
2025-04-16 17:45:00+00:00,5283.58
2025-04-16 17:46:00+00:00,5281.22
2025-04-16 17:47:00+00:00,5275.54
2025-04-16 17:48:00+00:00,5277.5
2025-04-16 17:49:00+00:00,5277.75
2025-04-16 17:50:00+00:00,5272.4
2025-04-16 17:51:00+00:00,5275.82
2025-04-16 17:52:00+00:00,5280.98
2025-04-16 17:53:00+00:00,5280.65
2025-04-16 17:54:00+00:00,5274.19
2025-04-16 17:55:00+00:00,5271.49
2025-04-16 17:56:00+00:00,5267.76
2025-04-16 17:57:00+00:00,5259.57
2025-04-16 17:58:00+00:00,5262.86
2025-04-16 17:59:00+00:00,5258.57
2025-04-16 18:00:00+00:00,5268.04
2025-04-16 18:01:00+00:00,5263.0
2025-04-16 18:02:00+00:00,5266.57
2025-04-16 18:03:00+00:00,5269.03
2025-04-16 18:04:00+00:00,5269.24
2025-04-16 18:05:00+00:00,5272.81
2025-04-16 18:06:00+00:00,5275.15
2025-04-16 18:07:00+00:00,5270.49
2025-04-16 18:08:00+00:00,5269.8
2025-04-16 18:09:00+00:00,5274.21
2025-04-16 18:10:00+00:00,5277.05
2025-04-16 18:11:00+00:00,5276.09
2025-04-16 18:12:00+00:00,5276.16
2025-04-16 18:13:00+00:00,5272.09
2025-04-16 18:14:00+00:00,5277.04
2025-04-16 18:15:00+00:00,5274.23
2025-04-16 18:16:00+00:00,5270.45
2025-04-16 18:17:00+00:00,5267.21
2025-04-16 18:18:00+00:00,5265.78
2025-04-16 18:19:00+00:00,5268.2
2025-04-16 18:20:00+00:00,5266.76
2025-04-16 18:21:00+00:00,5273.3
2025-04-16 18:22:00+00:00,5276.34
2025-04-16 18:23:00+00:00,5279.69
2025-04-16 18:24:00+00:00,5280.39
2025-04-16 18:25:00+00:00,5279.24
2025-04-16 18:26:00+00:00,5282.43
2025-04-16 18:27:00+00:00,5279.95
2025-04-16 18:28:00+00:00,5278.37
2025-04-16 18:29:00+00:00,5277.89
2025-04-16 18:30:00+00:00,5274.0
2025-04-16 18:31:00+00:00,5274.49
2025-04-16 18:32:00+00:00,5274.25
2025-04-16 18:33:00+00:00,5272.61
2025-04-16 18:34:00+00:00,5272.35
2025-04-16 18:35:00+00:00,5268.39
2025-04-16 18:36:00+00:00,5270.7
2025-04-16 18:37:00+00:00,5263.86
2025-04-16 18:38:00+00:00,5260.06
2025-04-16 18:39:00+00:00,5259.48
2025-04-16 18:40:00+00:00,5259.21
2025-04-16 18:41:00+00:00,5255.81
2025-04-16 18:42:00+00:00,5258.29
2025-04-16 18:43:00+00:00,5254.76
2025-04-16 18:44:00+00:00,5256.43
2025-04-16 18:45:00+00:00,5255.69
2025-04-16 18:46:00+00:00,5256.73
2025-04-16 18:47:00+00:00,5256.61
2025-04-16 18:48:00+00:00,5256.67
2025-04-16 18:49:00+00:00,5255.21
2025-04-16 18:50:00+00:00,5251.68
2025-04-16 18:51:00+00:00,5253.79
2025-04-16 18:52:00+00:00,5252.48
2025-04-16 18:53:00+00:00,5249.84
2025-04-16 18:54:00+00:00,5249.77
2025-04-16 18:55:00+00:00,5253.01
2025-04-16 18:56:00+00:00,5252.23
2025-04-16 18:57:00+00:00,5251.17
2025-04-16 18:58:00+00:00,5248.03
2025-04-16 18:59:00+00:00,5245.11
2025-04-16 19:00:00+00:00,5247.91
2025-04-16 19:01:00+00:00,5248.42
2025-04-16 19:02:00+00:00,5246.48
2025-04-16 19:03:00+00:00,5244.95
2025-04-16 19:04:00+00:00,5239.46
2025-04-16 19:05:00+00:00,5242.97
2025-04-16 19:06:00+00:00,5237.4
2025-04-16 19:07:00+00:00,5237.57
2025-04-16 19:08:00+00:00,5236.17
2025-04-16 19:09:00+00:00,5233.7
2025-04-16 19:10:00+00:00,5228.34
2025-04-16 19:11:00+00:00,5228.81
2025-04-16 19:12:00+00:00,5237.6
2025-04-16 19:13:00+00:00,5240.51
2025-04-16 19:14:00+00:00,5237.9
2025-04-16 19:15:00+00:00,5240.24
2025-04-16 19:16:00+00:00,5236.0
2025-04-16 19:17:00+00:00,5234.89
2025-04-16 19:18:00+00:00,5232.33
2025-04-16 19:19:00+00:00,5230.17
2025-04-16 19:20:00+00:00,5228.79
2025-04-16 19:21:00+00:00,5230.47
2025-04-16 19:22:00+00:00,5228.68
2025-04-16 19:23:00+00:00,5229.51
2025-04-16 19:24:00+00:00,5224.39
2025-04-16 19:25:00+00:00,5221.51
2025-04-16 19:26:00+00:00,5221.81
2025-04-16 19:27:00+00:00,5224.68
2025-04-16 19:28:00+00:00,5222.09
2025-04-16 19:29:00+00:00,5223.67
2025-04-16 19:30:00+00:00,5234.04
2025-04-16 19:31:00+00:00,5228.04
2025-04-16 19:32:00+00:00,5236.55
2025-04-16 19:33:00+00:00,5235.43
2025-04-16 19:34:00+00:00,5236.14
2025-04-16 19:35:00+00:00,5237.17
2025-04-16 19:36:00+00:00,5234.24
2025-04-16 19:37:00+00:00,5232.32
2025-04-16 19:38:00+00:00,5236.54
2025-04-16 19:39:00+00:00,5238.87
2025-04-16 19:40:00+00:00,5241.66
2025-04-16 19:41:00+00:00,5245.7
2025-04-16 19:42:00+00:00,5244.66
2025-04-16 19:43:00+00:00,5245.36
2025-04-16 19:44:00+00:00,5242.19
2025-04-16 19:45:00+00:00,5247.24
2025-04-16 19:46:00+00:00,5242.21
2025-04-16 19:47:00+00:00,5243.28
2025-04-16 19:48:00+00:00,5242.42
2025-04-16 19:49:00+00:00,5246.91
2025-04-16 19:50:00+00:00,5261.7
2025-04-16 19:51:00+00:00,5266.96
2025-04-16 19:52:00+00:00,5270.57
2025-04-16 19:53:00+00:00,5268.69
2025-04-16 19:54:00+00:00,5273.37
2025-04-16 19:55:00+00:00,5271.58
2025-04-16 19:56:00+00:00,5277.08
2025-04-16 19:57:00+00:00,5276.67
2025-04-16 19:58:00+00:00,5279.04
2025-04-16 19:59:00+00:00,5276.26
2025-04-17 13:30:00+00:00,5296.31
2025-04-17 13:31:00+00:00,5292.25
2025-04-17 13:32:00+00:00,5287.67
2025-04-17 13:33:00+00:00,5286.28
2025-04-17 13:34:00+00:00,5287.79
2025-04-17 13:35:00+00:00,5290.75
2025-04-17 13:36:00+00:00,5290.16
2025-04-17 13:37:00+00:00,5289.33
2025-04-17 13:38:00+00:00,5283.56
2025-04-17 13:39:00+00:00,5285.15
2025-04-17 13:40:00+00:00,5286.85
2025-04-17 13:41:00+00:00,5294.91
2025-04-17 13:42:00+00:00,5294.86
2025-04-17 13:43:00+00:00,5292.91
2025-04-17 13:44:00+00:00,5292.25
2025-04-17 13:45:00+00:00,5291.93
2025-04-17 13:46:00+00:00,5284.56
2025-04-17 13:47:00+00:00,5286.09
2025-04-17 13:48:00+00:00,5289.53
2025-04-17 13:49:00+00:00,5293.77
2025-04-17 13:50:00+00:00,5300.99
2025-04-17 13:51:00+00:00,5298.11
2025-04-17 13:52:00+00:00,5303.06
2025-04-17 13:53:00+00:00,5303.02
2025-04-17 13:54:00+00:00,5304.98
2025-04-17 13:55:00+00:00,5304.44
2025-04-17 13:56:00+00:00,5300.95
2025-04-17 13:57:00+00:00,5297.7
2025-04-17 13:58:00+00:00,5297.89
2025-04-17 13:59:00+00:00,5302.45
2025-04-17 14:00:00+00:00,5302.96
2025-04-17 14:01:00+00:00,5305.36
2025-04-17 14:02:00+00:00,5302.28
2025-04-17 14:03:00+00:00,5298.61
2025-04-17 14:04:00+00:00,5301.51
2025-04-17 14:05:00+00:00,5303.78
2025-04-17 14:06:00+00:00,5298.63
2025-04-17 14:07:00+00:00,5289.26
2025-04-17 14:08:00+00:00,5293.4
2025-04-17 14:09:00+00:00,5291.12
2025-04-17 14:10:00+00:00,5294.66
2025-04-17 14:11:00+00:00,5295.58
2025-04-17 14:12:00+00:00,5299.21
2025-04-17 14:13:00+00:00,5292.31
2025-04-17 14:14:00+00:00,5290.21
2025-04-17 14:15:00+00:00,5291.62
2025-04-17 14:16:00+00:00,5286.3
2025-04-17 14:17:00+00:00,5286.9
2025-04-17 14:18:00+00:00,5282.37
2025-04-17 14:19:00+00:00,5283.47
2025-04-17 14:20:00+00:00,5279.63
2025-04-17 14:21:00+00:00,5279.86
2025-04-17 14:22:00+00:00,5283.17
2025-04-17 14:23:00+00:00,5281.83
2025-04-17 14:24:00+00:00,5276.73
2025-04-17 14:25:00+00:00,5278.64
2025-04-17 14:26:00+00:00,5279.92
2025-04-17 14:27:00+00:00,5273.49
2025-04-17 14:28:00+00:00,5271.04
2025-04-17 14:29:00+00:00,5268.86
2025-04-17 14:30:00+00:00,5264.1
2025-04-17 14:31:00+00:00,5265.85
2025-04-17 14:32:00+00:00,5267.89
2025-04-17 14:33:00+00:00,5268.63
2025-04-17 14:34:00+00:00,5267.26
2025-04-17 14:35:00+00:00,5263.31
2025-04-17 14:36:00+00:00,5261.83
2025-04-17 14:37:00+00:00,5259.57
2025-04-17 14:38:00+00:00,5256.97
2025-04-17 14:39:00+00:00,5259.78
2025-04-17 14:40:00+00:00,5267.97
2025-04-17 14:41:00+00:00,5271.21
2025-04-17 14:42:00+00:00,5270.2
2025-04-17 14:43:00+00:00,5271.17
2025-04-17 14:44:00+00:00,5274.41
2025-04-17 14:45:00+00:00,5274.48
2025-04-17 14:46:00+00:00,5276.72
2025-04-17 14:47:00+00:00,5274.1
2025-04-17 14:48:00+00:00,5275.67
2025-04-17 14:49:00+00:00,5274.91
2025-04-17 14:50:00+00:00,5275.55
2025-04-17 14:51:00+00:00,5270.01
2025-04-17 14:52:00+00:00,5268.69
2025-04-17 14:53:00+00:00,5269.52
2025-04-17 14:54:00+00:00,5273.88
2025-04-17 14:55:00+00:00,5272.12
2025-04-17 14:56:00+00:00,5271.05
2025-04-17 14:57:00+00:00,5271.87
2025-04-17 14:58:00+00:00,5270.99
2025-04-17 14:59:00+00:00,5267.21
2025-04-17 15:00:00+00:00,5273.23
2025-04-17 15:01:00+00:00,5270.79
2025-04-17 15:02:00+00:00,5270.76
2025-04-17 15:03:00+00:00,5270.25
2025-04-17 15:04:00+00:00,5271.39
2025-04-17 15:05:00+00:00,5278.39
2025-04-17 15:06:00+00:00,5291.27
2025-04-17 15:07:00+00:00,5291.09
2025-04-17 15:08:00+00:00,5294.97
2025-04-17 15:09:00+00:00,5290.54
2025-04-17 15:10:00+00:00,5293.68
2025-04-17 15:11:00+00:00,5294.53
2025-04-17 15:12:00+00:00,5297.81
2025-04-17 15:13:00+00:00,5296.76
2025-04-17 15:14:00+00:00,5299.06
2025-04-17 15:15:00+00:00,5294.8
2025-04-17 15:16:00+00:00,5293.57
2025-04-17 15:17:00+00:00,5299.31
2025-04-17 15:18:00+00:00,5303.04
2025-04-17 15:19:00+00:00,5302.04
2025-04-17 15:20:00+00:00,5297.44
2025-04-17 15:21:00+00:00,5293.32
2025-04-17 15:22:00+00:00,5292.29
2025-04-17 15:23:00+00:00,5294.84
2025-04-17 15:24:00+00:00,5294.72
2025-04-17 15:25:00+00:00,5291.6
2025-04-17 15:26:00+00:00,5291.58
2025-04-17 15:27:00+00:00,5288.53
2025-04-17 15:28:00+00:00,5284.5
2025-04-17 15:29:00+00:00,5283.66
2025-04-17 15:30:00+00:00,5289.73
2025-04-17 15:31:00+00:00,5294.76
2025-04-17 15:32:00+00:00,5295.43
2025-04-17 15:33:00+00:00,5295.05
2025-04-17 15:34:00+00:00,5293.26
2025-04-17 15:35:00+00:00,5289.07
2025-04-17 15:36:00+00:00,5289.36
2025-04-17 15:37:00+00:00,5299.87
2025-04-17 15:38:00+00:00,5293.0
2025-04-17 15:39:00+00:00,5295.6
2025-04-17 15:40:00+00:00,5296.57
2025-04-17 15:41:00+00:00,5294.77
2025-04-17 15:42:00+00:00,5289.92
2025-04-17 15:43:00+00:00,5290.65
2025-04-17 15:44:00+00:00,5288.08
2025-04-17 15:45:00+00:00,5287.02
2025-04-17 15:46:00+00:00,5288.92
2025-04-17 15:47:00+00:00,5290.18
2025-04-17 15:48:00+00:00,5293.85
2025-04-17 15:49:00+00:00,5286.49
2025-04-17 15:50:00+00:00,5284.14
2025-04-17 15:51:00+00:00,5293.6
2025-04-17 15:52:00+00:00,5291.34
2025-04-17 15:53:00+00:00,5285.89
2025-04-17 15:54:00+00:00,5284.69
2025-04-17 15:55:00+00:00,5290.77
2025-04-17 15:56:00+00:00,5290.04
2025-04-17 15:57:00+00:00,5286.27
2025-04-17 15:58:00+00:00,5284.81
2025-04-17 15:59:00+00:00,5284.3
2025-04-17 16:00:00+00:00,5288.82
2025-04-17 16:01:00+00:00,5287.03
2025-04-17 16:02:00+00:00,5285.45
2025-04-17 16:03:00+00:00,5285.28
2025-04-17 16:04:00+00:00,5281.87
2025-04-17 16:05:00+00:00,5293.89
2025-04-17 16:06:00+00:00,5291.46
2025-04-17 16:07:00+00:00,5298.24
2025-04-17 16:08:00+00:00,5303.13
2025-04-17 16:09:00+00:00,5300.16
2025-04-17 16:10:00+00:00,5294.75
2025-04-17 16:11:00+00:00,5294.34
2025-04-17 16:12:00+00:00,5284.97
2025-04-17 16:13:00+00:00,5289.59
2025-04-17 16:14:00+00:00,5294.67
2025-04-17 16:15:00+00:00,5296.95
2025-04-17 16:16:00+00:00,5302.74
2025-04-17 16:17:00+00:00,5300.55
2025-04-17 16:18:00+00:00,5301.25
2025-04-17 16:19:00+00:00,5309.33
2025-04-17 16:20:00+00:00,5304.43
2025-04-17 16:21:00+00:00,5311.32
2025-04-17 16:22:00+00:00,5307.37
2025-04-17 16:23:00+00:00,5307.88
2025-04-17 16:24:00+00:00,5307.42
2025-04-17 16:25:00+00:00,5310.06
2025-04-17 16:26:00+00:00,5310.71
2025-04-17 16:27:00+00:00,5310.97
2025-04-17 16:28:00+00:00,5311.94
2025-04-17 16:29:00+00:00,5311.84
2025-04-17 16:30:00+00:00,5308.56
2025-04-17 16:31:00+00:00,5310.3
2025-04-17 16:32:00+00:00,5309.08
2025-04-17 16:33:00+00:00,5315.67
2025-04-17 16:34:00+00:00,5315.32
2025-04-17 16:35:00+00:00,5317.74
2025-04-17 16:36:00+00:00,5312.96
2025-04-17 16:37:00+00:00,5310.13
2025-04-17 16:38:00+00:00,5310.56
2025-04-17 16:39:00+00:00,5306.62
2025-04-17 16:40:00+00:00,5306.77
2025-04-17 16:41:00+00:00,5307.46
2025-04-17 16:42:00+00:00,5305.97
2025-04-17 16:43:00+00:00,5299.67
2025-04-17 16:44:00+00:00,5297.83
2025-04-17 16:45:00+00:00,5296.22
2025-04-17 16:46:00+00:00,5304.95
2025-04-17 16:47:00+00:00,5305.21
2025-04-17 16:48:00+00:00,5300.31
2025-04-17 16:49:00+00:00,5304.67
2025-04-17 16:50:00+00:00,5309.24
2025-04-17 16:51:00+00:00,5307.8
2025-04-17 16:52:00+00:00,5313.78
2025-04-17 16:53:00+00:00,5314.63
2025-04-17 16:54:00+00:00,5314.33
2025-04-17 16:55:00+00:00,5315.9
2025-04-17 16:56:00+00:00,5318.19
2025-04-17 16:57:00+00:00,5316.55
2025-04-17 16:58:00+00:00,5319.48
2025-04-17 16:59:00+00:00,5316.07
2025-04-17 17:00:00+00:00,5318.99
2025-04-17 17:01:00+00:00,5318.59
2025-04-17 17:02:00+00:00,5317.9
2025-04-17 17:03:00+00:00,5313.27
2025-04-17 17:04:00+00:00,5312.86
2025-04-17 17:05:00+00:00,5311.59
2025-04-17 17:06:00+00:00,5309.14
2025-04-17 17:07:00+00:00,5312.06
2025-04-17 17:08:00+00:00,5313.61
2025-04-17 17:09:00+00:00,5313.19
2025-04-17 17:10:00+00:00,5312.39
2025-04-17 17:11:00+00:00,5307.63
2025-04-17 17:12:00+00:00,5306.45
2025-04-17 17:13:00+00:00,5307.2
2025-04-17 17:14:00+00:00,5305.0
2025-04-17 17:15:00+00:00,5306.24
2025-04-17 17:16:00+00:00,5302.02
2025-04-17 17:17:00+00:00,5300.02
2025-04-17 17:18:00+00:00,5298.68
2025-04-17 17:19:00+00:00,5300.66
2025-04-17 17:20:00+00:00,5297.55
2025-04-17 17:21:00+00:00,5296.77
2025-04-17 17:22:00+00:00,5295.9
2025-04-17 17:23:00+00:00,5294.82
2025-04-17 17:24:00+00:00,5297.0
2025-04-17 17:25:00+00:00,5300.64
2025-04-17 17:26:00+00:00,5295.37
2025-04-17 17:27:00+00:00,5297.4
2025-04-17 17:28:00+00:00,5297.53
2025-04-17 17:29:00+00:00,5293.64
2025-04-17 17:30:00+00:00,5295.17
2025-04-17 17:31:00+00:00,5298.51
2025-04-17 17:32:00+00:00,5300.19
2025-04-17 17:33:00+00:00,5303.53
2025-04-17 17:34:00+00:00,5304.15
2025-04-17 17:35:00+00:00,5302.43
2025-04-17 17:36:00+00:00,5304.18
2025-04-17 17:37:00+00:00,5302.95
2025-04-17 17:38:00+00:00,5304.61
2025-04-17 17:39:00+00:00,5305.86
2025-04-17 17:40:00+00:00,5303.72
2025-04-17 17:41:00+00:00,5300.21
2025-04-17 17:42:00+00:00,5295.51
2025-04-17 17:43:00+00:00,5298.77
2025-04-17 17:44:00+00:00,5301.68
2025-04-17 17:45:00+00:00,5304.2
2025-04-17 17:46:00+00:00,5311.09
2025-04-17 17:47:00+00:00,5315.73
2025-04-17 17:48:00+00:00,5312.33
2025-04-17 17:49:00+00:00,5308.64
2025-04-17 17:50:00+00:00,5310.05
2025-04-17 17:51:00+00:00,5312.76
2025-04-17 17:52:00+00:00,5315.18
2025-04-17 17:53:00+00:00,5316.91
2025-04-17 17:54:00+00:00,5315.0
2025-04-17 17:55:00+00:00,5319.25
2025-04-17 17:56:00+00:00,5314.8
2025-04-17 17:57:00+00:00,5314.84
2025-04-17 17:58:00+00:00,5313.67
2025-04-17 17:59:00+00:00,5312.54
2025-04-17 18:00:00+00:00,5312.73
2025-04-17 18:01:00+00:00,5314.95
2025-04-17 18:02:00+00:00,5314.27
2025-04-17 18:03:00+00:00,5313.1
2025-04-17 18:04:00+00:00,5320.76
2025-04-17 18:05:00+00:00,5322.04
2025-04-17 18:06:00+00:00,5322.42
2025-04-17 18:07:00+00:00,5320.52
2025-04-17 18:08:00+00:00,5324.23
2025-04-17 18:09:00+00:00,5322.9
2025-04-17 18:10:00+00:00,5323.79
2025-04-17 18:11:00+00:00,5322.92
2025-04-17 18:12:00+00:00,5320.2
2025-04-17 18:13:00+00:00,5318.22
2025-04-17 18:14:00+00:00,5317.18
2025-04-17 18:15:00+00:00,5317.83
2025-04-17 18:16:00+00:00,5315.99
2025-04-17 18:17:00+00:00,5322.28
2025-04-17 18:18:00+00:00,5320.17
2025-04-17 18:19:00+00:00,5323.28
2025-04-17 18:20:00+00:00,5325.14
2025-04-17 18:21:00+00:00,5324.87
2025-04-17 18:22:00+00:00,5326.06
2025-04-17 18:23:00+00:00,5326.58
2025-04-17 18:24:00+00:00,5325.98
2025-04-17 18:25:00+00:00,5326.27
2025-04-17 18:26:00+00:00,5321.24
2025-04-17 18:27:00+00:00,5320.52
2025-04-17 18:28:00+00:00,5321.34
2025-04-17 18:29:00+00:00,5317.3
2025-04-17 18:30:00+00:00,5319.59
2025-04-17 18:31:00+00:00,5324.59
2025-04-17 18:32:00+00:00,5325.25
2025-04-17 18:33:00+00:00,5324.89
2025-04-17 18:34:00+00:00,5319.61
2025-04-17 18:35:00+00:00,5322.39
2025-04-17 18:36:00+00:00,5319.26
2025-04-17 18:37:00+00:00,5320.87
2025-04-17 18:38:00+00:00,5323.15
2025-04-17 18:39:00+00:00,5324.15
2025-04-17 18:40:00+00:00,5320.78
2025-04-17 18:41:00+00:00,5320.93
2025-04-17 18:42:00+00:00,5319.38
2025-04-17 18:43:00+00:00,5320.35
2025-04-17 18:44:00+00:00,5320.44
2025-04-17 18:45:00+00:00,5321.35
2025-04-17 18:46:00+00:00,5318.42
2025-04-17 18:47:00+00:00,5316.18
2025-04-17 18:48:00+00:00,5316.48
2025-04-17 18:49:00+00:00,5311.59
2025-04-17 18:50:00+00:00,5305.33
2025-04-17 18:51:00+00:00,5309.55
2025-04-17 18:52:00+00:00,5314.63
2025-04-17 18:53:00+00:00,5316.74
2025-04-17 18:54:00+00:00,5311.07
2025-04-17 18:55:00+00:00,5310.17
2025-04-17 18:56:00+00:00,5306.88
2025-04-17 18:57:00+00:00,5308.03
2025-04-17 18:58:00+00:00,5306.64
2025-04-17 18:59:00+00:00,5302.87
2025-04-17 19:00:00+00:00,5302.69
2025-04-17 19:01:00+00:00,5299.57
2025-04-17 19:02:00+00:00,5301.08
2025-04-17 19:03:00+00:00,5302.38
2025-04-17 19:04:00+00:00,5302.76
2025-04-17 19:05:00+00:00,5299.44
2025-04-17 19:06:00+00:00,5300.62
2025-04-17 19:07:00+00:00,5301.32
2025-04-17 19:08:00+00:00,5300.19
2025-04-17 19:09:00+00:00,5300.9
2025-04-17 19:10:00+00:00,5298.52
2025-04-17 19:11:00+00:00,5295.96
2025-04-17 19:12:00+00:00,5293.18
2025-04-17 19:13:00+00:00,5292.5
2025-04-17 19:14:00+00:00,5290.18
2025-04-17 19:15:00+00:00,5290.55
2025-04-17 19:16:00+00:00,5286.24
2025-04-17 19:17:00+00:00,5290.49
2025-04-17 19:18:00+00:00,5289.94
2025-04-17 19:19:00+00:00,5292.08
2025-04-17 19:20:00+00:00,5288.13
2025-04-17 19:21:00+00:00,5284.19
2025-04-17 19:22:00+00:00,5287.45
2025-04-17 19:23:00+00:00,5295.49
2025-04-17 19:24:00+00:00,5294.68
2025-04-17 19:25:00+00:00,5292.08
2025-04-17 19:26:00+00:00,5296.16
2025-04-17 19:27:00+00:00,5297.31
2025-04-17 19:28:00+00:00,5293.95
2025-04-17 19:29:00+00:00,5289.81
2025-04-17 19:30:00+00:00,5290.98
2025-04-17 19:31:00+00:00,5297.72
2025-04-17 19:32:00+00:00,5294.8
2025-04-17 19:33:00+00:00,5295.18
2025-04-17 19:34:00+00:00,5296.41
2025-04-17 19:35:00+00:00,5296.22
2025-04-17 19:36:00+00:00,5297.25
2025-04-17 19:37:00+00:00,5293.26
2025-04-17 19:38:00+00:00,5295.76
2025-04-17 19:39:00+00:00,5296.37
2025-04-17 19:40:00+00:00,5290.76
2025-04-17 19:41:00+00:00,5295.47
2025-04-17 19:42:00+00:00,5300.05
2025-04-17 19:43:00+00:00,5295.02
2025-04-17 19:44:00+00:00,5295.19
2025-04-17 19:45:00+00:00,5292.93
2025-04-17 19:46:00+00:00,5289.92
2025-04-17 19:47:00+00:00,5286.45
2025-04-17 19:48:00+00:00,5285.39
2025-04-17 19:49:00+00:00,5284.8
2025-04-17 19:50:00+00:00,5276.26
2025-04-17 19:51:00+00:00,5276.37
2025-04-17 19:52:00+00:00,5278.72
2025-04-17 19:53:00+00:00,5278.03
2025-04-17 19:54:00+00:00,5287.97
2025-04-17 19:55:00+00:00,5280.77
2025-04-17 19:56:00+00:00,5279.81
2025-04-17 19:57:00+00:00,5280.71
2025-04-17 19:58:00+00:00,5279.56
2025-04-17 19:59:00+00:00,5283.5
